entity_type,current_matchforge_id,provider_code,provider_entity_id,decision,confidence,target_group,evidence_ref,reason
competition,076c344a-3b42-538e-ab15-382a1333ea32,api_football,179,SAME_ENTITY,HIGH,076c344a-3b42-538e-ab15-382a1333ea32,football_data_uk:SC0->api_football:179;openfootball:sco.1->api_football:179,Provider-ID crosswalks form one API-Football-anchored group; country=Scotland;division=1;type=LEAGUE;season=2026;known_teams=25;fixtures=7387.
competition,076c344a-3b42-538e-ab15-382a1333ea32,football_data_uk,SC0,SAME_ENTITY,HIGH,076c344a-3b42-538e-ab15-382a1333ea32,football_data_uk:SC0->api_football:179;openfootball:sco.1->api_football:179,Provider-ID crosswalks form one API-Football-anchored group; country=Scotland;division=1;type=LEAGUE;season=2026;known_teams=25;fixtures=7387.
competition,076c344a-3b42-538e-ab15-382a1333ea32,openfootball,sco.1,SAME_ENTITY,HIGH,076c344a-3b42-538e-ab15-382a1333ea32,football_data_uk:SC0->api_football:179;openfootball:sco.1->api_football:179,Provider-ID crosswalks form one API-Football-anchored group; country=Scotland;division=1;type=LEAGUE;season=2026;known_teams=25;fixtures=7387.
competition,1438be97-8e2f-5cc9-88ae-ceec41a2dd4a,api_football,40,SAME_ENTITY,HIGH,1438be97-8e2f-5cc9-88ae-ceec41a2dd4a,football_data_uk:E1->api_football:40;openfootball:en.2->api_football:40,Provider-ID crosswalks form one API-Football-anchored group; country=England;division=2;type=LEAGUE;season=2026;known_teams=108;fixtures=25416.
competition,1438be97-8e2f-5cc9-88ae-ceec41a2dd4a,football_data_uk,E1,SAME_ENTITY,HIGH,1438be97-8e2f-5cc9-88ae-ceec41a2dd4a,football_data_uk:E1->api_football:40;openfootball:en.2->api_football:40,Provider-ID crosswalks form one API-Football-anchored group; country=England;division=2;type=LEAGUE;season=2026;known_teams=108;fixtures=25416.
competition,1438be97-8e2f-5cc9-88ae-ceec41a2dd4a,openfootball,en.2,SAME_ENTITY,HIGH,1438be97-8e2f-5cc9-88ae-ceec41a2dd4a,football_data_uk:E1->api_football:40;openfootball:en.2->api_football:40,Provider-ID crosswalks form one API-Football-anchored group; country=England;division=2;type=LEAGUE;season=2026;known_teams=108;fixtures=25416.
competition,1489c64f-47f1-5d55-b523-cfae82d26e0c,api_football,71,SAME_ENTITY,HIGH,1489c64f-47f1-5d55-b523-cfae82d26e0c,openfootball:br.1->api_football:71,Provider-ID crosswalks form one API-Football-anchored group; country=Brazil;division=1;type=LEAGUE;season=2026;known_teams=71;fixtures=2035.
competition,1489c64f-47f1-5d55-b523-cfae82d26e0c,openfootball,br.1,SAME_ENTITY,HIGH,1489c64f-47f1-5d55-b523-cfae82d26e0c,openfootball:br.1->api_football:71,Provider-ID crosswalks form one API-Football-anchored group; country=Brazil;division=1;type=LEAGUE;season=2026;known_teams=71;fixtures=2035.
competition,2b741f00-2715-554b-9c74-e0274694f9cc,api_football,39,SAME_ENTITY,HIGH,2b741f00-2715-554b-9c74-e0274694f9cc,football_data_uk:E0->api_football:39;openfootball:en.1->api_football:39,Provider-ID crosswalks form one API-Football-anchored group; country=England;division=1;type=LEAGUE;season=2026;known_teams=85;fixtures=18341.
competition,2b741f00-2715-554b-9c74-e0274694f9cc,football_data_uk,E0,SAME_ENTITY,HIGH,2b741f00-2715-554b-9c74-e0274694f9cc,football_data_uk:E0->api_football:39;openfootball:en.1->api_football:39,Provider-ID crosswalks form one API-Football-anchored group; country=England;division=1;type=LEAGUE;season=2026;known_teams=85;fixtures=18341.
competition,2b741f00-2715-554b-9c74-e0274694f9cc,openfootball,en.1,SAME_ENTITY,HIGH,2b741f00-2715-554b-9c74-e0274694f9cc,football_data_uk:E0->api_football:39;openfootball:en.1->api_football:39,Provider-ID crosswalks form one API-Football-anchored group; country=England;division=1;type=LEAGUE;season=2026;known_teams=85;fixtures=18341.
competition,3044c9fa-2d22-5995-ab91-247620c662b5,api_football,62,SAME_ENTITY,HIGH,3044c9fa-2d22-5995-ab91-247620c662b5,football_data_uk:F2->api_football:62;openfootball:fr.2->api_football:62,Provider-ID crosswalks form one API-Football-anchored group; country=France;division=2;type=LEAGUE;season=2026;known_teams=106;fixtures=14100.
competition,3044c9fa-2d22-5995-ab91-247620c662b5,football_data_uk,F2,SAME_ENTITY,HIGH,3044c9fa-2d22-5995-ab91-247620c662b5,football_data_uk:F2->api_football:62;openfootball:fr.2->api_football:62,Provider-ID crosswalks form one API-Football-anchored group; country=France;division=2;type=LEAGUE;season=2026;known_teams=106;fixtures=14100.
competition,3044c9fa-2d22-5995-ab91-247620c662b5,openfootball,fr.2,SAME_ENTITY,HIGH,3044c9fa-2d22-5995-ab91-247620c662b5,football_data_uk:F2->api_football:62;openfootball:fr.2->api_football:62,Provider-ID crosswalks form one API-Football-anchored group; country=France;division=2;type=LEAGUE;season=2026;known_teams=106;fixtures=14100.
competition,3cea18a0-7a31-5ca3-8e93-9f5c260bdd8b,api_football,135,SAME_ENTITY,HIGH,3cea18a0-7a31-5ca3-8e93-9f5c260bdd8b,football_data_uk:I1->api_football:135;openfootball:it.1->api_football:135,Provider-ID crosswalks form one API-Football-anchored group; country=Italy;division=1;type=LEAGUE;season=2026;known_teams=88;fixtures=16479.
competition,3cea18a0-7a31-5ca3-8e93-9f5c260bdd8b,football_data_uk,I1,SAME_ENTITY,HIGH,3cea18a0-7a31-5ca3-8e93-9f5c260bdd8b,football_data_uk:I1->api_football:135;openfootball:it.1->api_football:135,Provider-ID crosswalks form one API-Football-anchored group; country=Italy;division=1;type=LEAGUE;season=2026;known_teams=88;fixtures=16479.
competition,3cea18a0-7a31-5ca3-8e93-9f5c260bdd8b,openfootball,it.1,SAME_ENTITY,HIGH,3cea18a0-7a31-5ca3-8e93-9f5c260bdd8b,football_data_uk:I1->api_football:135;openfootball:it.1->api_football:135,Provider-ID crosswalks form one API-Football-anchored group; country=Italy;division=1;type=LEAGUE;season=2026;known_teams=88;fixtures=16479.
competition,44881185-c4bf-5681-afa9-bd95914509c3,api_football,262,SAME_ENTITY,HIGH,44881185-c4bf-5681-afa9-bd95914509c3,openfootball:mx.1->api_football:262,Provider-ID crosswalks form one API-Football-anchored group; country=Mexico;division=1;type=LEAGUE;season=2026;known_teams=21;fixtures=1291.
competition,44881185-c4bf-5681-afa9-bd95914509c3,openfootball,mx.1,SAME_ENTITY,HIGH,44881185-c4bf-5681-afa9-bd95914509c3,openfootball:mx.1->api_football:262,Provider-ID crosswalks form one API-Football-anchored group; country=Mexico;division=1;type=LEAGUE;season=2026;known_teams=21;fixtures=1291.
competition,4889a2d4-659a-5f5e-bbcb-81fc6538a6a0,api_football,41,SAME_ENTITY,HIGH,4889a2d4-659a-5f5e-bbcb-81fc6538a6a0,football_data_uk:E2->api_football:41;openfootball:en.3->api_football:41,Provider-ID crosswalks form one API-Football-anchored group; country=England;division=1;type=LEAGUE;season=2026;known_teams=143;fixtures=23307.
competition,4889a2d4-659a-5f5e-bbcb-81fc6538a6a0,football_data_uk,E2,SAME_ENTITY,HIGH,4889a2d4-659a-5f5e-bbcb-81fc6538a6a0,football_data_uk:E2->api_football:41;openfootball:en.3->api_football:41,Provider-ID crosswalks form one API-Football-anchored group; country=England;division=1;type=LEAGUE;season=2026;known_teams=143;fixtures=23307.
competition,4889a2d4-659a-5f5e-bbcb-81fc6538a6a0,openfootball,en.3,SAME_ENTITY,HIGH,4889a2d4-659a-5f5e-bbcb-81fc6538a6a0,football_data_uk:E2->api_football:41;openfootball:en.3->api_football:41,Provider-ID crosswalks form one API-Football-anchored group; country=England;division=1;type=LEAGUE;season=2026;known_teams=143;fixtures=23307.
competition,4af5598c-7a6e-5962-9660-19fb6c37535f,api_football,183,SAME_ENTITY,HIGH,4af5598c-7a6e-5962-9660-19fb6c37535f,football_data_uk:SC2->api_football:183,Provider-ID crosswalks form one API-Football-anchored group; country=Scotland;division=1;type=LEAGUE;season=2026;known_teams=47;fixtures=5153.
competition,4af5598c-7a6e-5962-9660-19fb6c37535f,football_data_uk,SC2,SAME_ENTITY,HIGH,4af5598c-7a6e-5962-9660-19fb6c37535f,football_data_uk:SC2->api_football:183,Provider-ID crosswalks form one API-Football-anchored group; country=Scotland;division=1;type=LEAGUE;season=2026;known_teams=47;fixtures=5153.
competition,52b94982-26f3-5f92-acce-081be94c7cf8,api_football,197,SAME_ENTITY,HIGH,52b94982-26f3-5f92-acce-081be94c7cf8,football_data_uk:G1->api_football:197,Provider-ID crosswalks form one API-Football-anchored group; country=Greece;division=1;type=LEAGUE;season=2026;known_teams=54;fixtures=7030.
competition,52b94982-26f3-5f92-acce-081be94c7cf8,football_data_uk,G1,SAME_ENTITY,HIGH,52b94982-26f3-5f92-acce-081be94c7cf8,football_data_uk:G1->api_football:197,Provider-ID crosswalks form one API-Football-anchored group; country=Greece;division=1;type=LEAGUE;season=2026;known_teams=54;fixtures=7030.
competition,5ae4daf6-4179-5cfb-9c91-540b12a7b855,api_football,180,SAME_ENTITY,HIGH,5ae4daf6-4179-5cfb-9c91-540b12a7b855,football_data_uk:SC1->api_football:180,Provider-ID crosswalks form one API-Football-anchored group; country=Scotland;division=2;type=LEAGUE;season=2026;known_teams=42;fixtures=5714.
competition,5ae4daf6-4179-5cfb-9c91-540b12a7b855,football_data_uk,SC1,SAME_ENTITY,HIGH,5ae4daf6-4179-5cfb-9c91-540b12a7b855,football_data_uk:SC1->api_football:180,Provider-ID crosswalks form one API-Football-anchored group; country=Scotland;division=2;type=LEAGUE;season=2026;known_teams=42;fixtures=5714.
competition,60dd61ad-b6b2-5904-83a9-060bdf86b02a,api_football,141,SAME_ENTITY,HIGH,60dd61ad-b6b2-5904-83a9-060bdf86b02a,football_data_uk:SP2->api_football:141,Provider-ID crosswalks form one API-Football-anchored group; country=Spain;division=2;type=LEAGUE;season=2026;known_teams=107;fixtures=13866.
competition,60dd61ad-b6b2-5904-83a9-060bdf86b02a,football_data_uk,SP2,SAME_ENTITY,HIGH,60dd61ad-b6b2-5904-83a9-060bdf86b02a,football_data_uk:SP2->api_football:141,Provider-ID crosswalks form one API-Football-anchored group; country=Spain;division=2;type=LEAGUE;season=2026;known_teams=107;fixtures=13866.
competition,848aa296-cc08-50f3-ae18-df458956e0a1,api_football,184,SAME_ENTITY,HIGH,848aa296-cc08-50f3-ae18-df458956e0a1,football_data_uk:SC3->api_football:184,Provider-ID crosswalks form one API-Football-anchored group; country=Scotland;division=2;type=LEAGUE;season=2026;known_teams=41;fixtures=5152.
competition,848aa296-cc08-50f3-ae18-df458956e0a1,football_data_uk,SC3,SAME_ENTITY,HIGH,848aa296-cc08-50f3-ae18-df458956e0a1,football_data_uk:SC3->api_football:184,Provider-ID crosswalks form one API-Football-anchored group; country=Scotland;division=2;type=LEAGUE;season=2026;known_teams=41;fixtures=5152.
competition,9c79fa40-2247-5b6e-b4d4-4d5e11978c88,api_football,43,SAME_ENTITY,HIGH,9c79fa40-2247-5b6e-b4d4-4d5e11978c88,football_data_uk:EC->api_football:43,Provider-ID crosswalks form one API-Football-anchored group; country=England;division=1;type=LEAGUE;season=2026;known_teams=106;fixtures=11380.
competition,9c79fa40-2247-5b6e-b4d4-4d5e11978c88,football_data_uk,EC,SAME_ENTITY,HIGH,9c79fa40-2247-5b6e-b4d4-4d5e11978c88,football_data_uk:EC->api_football:43,Provider-ID crosswalks form one API-Football-anchored group; country=England;division=1;type=LEAGUE;season=2026;known_teams=106;fixtures=11380.
competition,a08ef007-a345-5bec-a875-18699064c908,api_football,61,SAME_ENTITY,HIGH,a08ef007-a345-5bec-a875-18699064c908,football_data_uk:F1->api_football:61;openfootball:fr.1->api_football:61,Provider-ID crosswalks form one API-Football-anchored group; country=France;division=1;type=LEAGUE;season=2026;known_teams=78;fixtures=16015.
competition,a08ef007-a345-5bec-a875-18699064c908,football_data_uk,F1,SAME_ENTITY,HIGH,a08ef007-a345-5bec-a875-18699064c908,football_data_uk:F1->api_football:61;openfootball:fr.1->api_football:61,Provider-ID crosswalks form one API-Football-anchored group; country=France;division=1;type=LEAGUE;season=2026;known_teams=78;fixtures=16015.
competition,a08ef007-a345-5bec-a875-18699064c908,openfootball,fr.1,SAME_ENTITY,HIGH,a08ef007-a345-5bec-a875-18699064c908,football_data_uk:F1->api_football:61;openfootball:fr.1->api_football:61,Provider-ID crosswalks form one API-Football-anchored group; country=France;division=1;type=LEAGUE;season=2026;known_teams=78;fixtures=16015.
competition,a92cb35b-b3ea-5d95-aa18-af1fa1883c25,api_football,81,SAME_ENTITY,HIGH,a92cb35b-b3ea-5d95-aa18-af1fa1883c25,openfootball:de.cup->api_football:81,Provider-ID crosswalks form one API-Football-anchored group; country=Germany;division=None;type=CUP;season=2026;known_teams=95;fixtures=189.
competition,a92cb35b-b3ea-5d95-aa18-af1fa1883c25,openfootball,de.cup,SAME_ENTITY,HIGH,a92cb35b-b3ea-5d95-aa18-af1fa1883c25,openfootball:de.cup->api_football:81,Provider-ID crosswalks form one API-Football-anchored group; country=Germany;division=None;type=CUP;season=2026;known_teams=95;fixtures=189.
competition,aee19034-810d-57ae-b1f3-836351845bcb,api_football,140,SAME_ENTITY,HIGH,aee19034-810d-57ae-b1f3-836351845bcb,football_data_uk:SP1->api_football:140;openfootball:es.1->api_football:140,Provider-ID crosswalks form one API-Football-anchored group; country=Spain;division=1;type=LEAGUE;season=2026;known_teams=87;fixtures=17969.
competition,aee19034-810d-57ae-b1f3-836351845bcb,football_data_uk,SP1,SAME_ENTITY,HIGH,aee19034-810d-57ae-b1f3-836351845bcb,football_data_uk:SP1->api_football:140;openfootball:es.1->api_football:140,Provider-ID crosswalks form one API-Football-anchored group; country=Spain;division=1;type=LEAGUE;season=2026;known_teams=87;fixtures=17969.
competition,aee19034-810d-57ae-b1f3-836351845bcb,openfootball,es.1,SAME_ENTITY,HIGH,aee19034-810d-57ae-b1f3-836351845bcb,football_data_uk:SP1->api_football:140;openfootball:es.1->api_football:140,Provider-ID crosswalks form one API-Football-anchored group; country=Spain;division=1;type=LEAGUE;season=2026;known_teams=87;fixtures=17969.
competition,b8d11e64-8299-5701-8b69-6d5f41fdda9f,api_football,94,SAME_ENTITY,HIGH,b8d11e64-8299-5701-8b69-6d5f41fdda9f,football_data_uk:P1->api_football:94;openfootball:pt.1->api_football:94,Provider-ID crosswalks form one API-Football-anchored group; country=Portugal;division=1;type=LEAGUE;season=2026;known_teams=73;fixtures=11462.
competition,b8d11e64-8299-5701-8b69-6d5f41fdda9f,football_data_uk,P1,SAME_ENTITY,HIGH,b8d11e64-8299-5701-8b69-6d5f41fdda9f,football_data_uk:P1->api_football:94;openfootball:pt.1->api_football:94,Provider-ID crosswalks form one API-Football-anchored group; country=Portugal;division=1;type=LEAGUE;season=2026;known_teams=73;fixtures=11462.
competition,b8d11e64-8299-5701-8b69-6d5f41fdda9f,openfootball,pt.1,SAME_ENTITY,HIGH,b8d11e64-8299-5701-8b69-6d5f41fdda9f,football_data_uk:P1->api_football:94;openfootball:pt.1->api_football:94,Provider-ID crosswalks form one API-Football-anchored group; country=Portugal;division=1;type=LEAGUE;season=2026;known_teams=73;fixtures=11462.
competition,c1de05d8-7f00-5829-a3be-35c402560d10,api_football,78,SAME_ENTITY,HIGH,c1de05d8-7f00-5829-a3be-35c402560d10,football_data_uk:D1->api_football:78;openfootball:de.1->api_football:78,Provider-ID crosswalks form one API-Football-anchored group; country=Germany;division=1;type=LEAGUE;season=2026;known_teams=82;fixtures=14991.
competition,c1de05d8-7f00-5829-a3be-35c402560d10,football_data_uk,D1,SAME_ENTITY,HIGH,c1de05d8-7f00-5829-a3be-35c402560d10,football_data_uk:D1->api_football:78;openfootball:de.1->api_football:78,Provider-ID crosswalks form one API-Football-anchored group; country=Germany;division=1;type=LEAGUE;season=2026;known_teams=82;fixtures=14991.
competition,c1de05d8-7f00-5829-a3be-35c402560d10,openfootball,de.1,SAME_ENTITY,HIGH,c1de05d8-7f00-5829-a3be-35c402560d10,football_data_uk:D1->api_football:78;openfootball:de.1->api_football:78,Provider-ID crosswalks form one API-Football-anchored group; country=Germany;division=1;type=LEAGUE;season=2026;known_teams=82;fixtures=14991.
competition,c48fc929-8875-54fe-98d8-3e9e8e96c634,api_football,136,SAME_ENTITY,HIGH,c48fc929-8875-54fe-98d8-3e9e8e96c634,football_data_uk:I2->api_football:136;openfootball:it.2->api_football:136,Provider-ID crosswalks form one API-Football-anchored group; country=Italy;division=2;type=LEAGUE;season=2026;known_teams=133;fixtures=16306.
competition,c48fc929-8875-54fe-98d8-3e9e8e96c634,football_data_uk,I2,SAME_ENTITY,HIGH,c48fc929-8875-54fe-98d8-3e9e8e96c634,football_data_uk:I2->api_football:136;openfootball:it.2->api_football:136,Provider-ID crosswalks form one API-Football-anchored group; country=Italy;division=2;type=LEAGUE;season=2026;known_teams=133;fixtures=16306.
competition,c48fc929-8875-54fe-98d8-3e9e8e96c634,openfootball,it.2,SAME_ENTITY,HIGH,c48fc929-8875-54fe-98d8-3e9e8e96c634,football_data_uk:I2->api_football:136;openfootball:it.2->api_football:136,Provider-ID crosswalks form one API-Football-anchored group; country=Italy;division=2;type=LEAGUE;season=2026;known_teams=133;fixtures=16306.
competition,c59c78c8-7a86-5572-9345-2850bd2cdc65,api_football,207,SAME_ENTITY,HIGH,c59c78c8-7a86-5572-9345-2850bd2cdc65,openfootball:ch.1->api_football:207,Provider-ID crosswalks form one API-Football-anchored group; country=Switzerland;division=1;type=LEAGUE;season=2026;known_teams=14;fixtures=720.
competition,c59c78c8-7a86-5572-9345-2850bd2cdc65,openfootball,ch.1,SAME_ENTITY,HIGH,c59c78c8-7a86-5572-9345-2850bd2cdc65,openfootball:ch.1->api_football:207,Provider-ID crosswalks form one API-Football-anchored group; country=Switzerland;division=1;type=LEAGUE;season=2026;known_teams=14;fixtures=720.
competition,cceab1da-f5b3-596c-a795-68610e80c4d1,api_football,88,SAME_ENTITY,HIGH,cceab1da-f5b3-596c-a795-68610e80c4d1,football_data_uk:N1->api_football:88;openfootball:nl.1->api_football:88,Provider-ID crosswalks form one API-Football-anchored group; country=Netherlands;division=1;type=LEAGUE;season=2026;known_teams=51;fixtures=11614.
competition,cceab1da-f5b3-596c-a795-68610e80c4d1,football_data_uk,N1,SAME_ENTITY,HIGH,cceab1da-f5b3-596c-a795-68610e80c4d1,football_data_uk:N1->api_football:88;openfootball:nl.1->api_football:88,Provider-ID crosswalks form one API-Football-anchored group; country=Netherlands;division=1;type=LEAGUE;season=2026;known_teams=51;fixtures=11614.
competition,cceab1da-f5b3-596c-a795-68610e80c4d1,openfootball,nl.1,SAME_ENTITY,HIGH,cceab1da-f5b3-596c-a795-68610e80c4d1,football_data_uk:N1->api_football:88;openfootball:nl.1->api_football:88,Provider-ID crosswalks form one API-Football-anchored group; country=Netherlands;division=1;type=LEAGUE;season=2026;known_teams=51;fixtures=11614.
competition,d5e0a87d-a5f2-569e-9b43-1b40272f76e2,api_football,253,SAME_ENTITY,HIGH,d5e0a87d-a5f2-569e-9b43-1b40272f76e2,openfootball:mls->api_football:253,Provider-ID crosswalks form one API-Football-anchored group; country=USA;division=1;type=LEAGUE;season=2026;known_teams=34;fixtures=148.
competition,d5e0a87d-a5f2-569e-9b43-1b40272f76e2,openfootball,mls,SAME_ENTITY,HIGH,d5e0a87d-a5f2-569e-9b43-1b40272f76e2,openfootball:mls->api_football:253,Provider-ID crosswalks form one API-Football-anchored group; country=USA;division=1;type=LEAGUE;season=2026;known_teams=34;fixtures=148.
competition,e050c9c9-1e84-542d-95cd-f16c3c06b0d0,api_football,203,SAME_ENTITY,HIGH,e050c9c9-1e84-542d-95cd-f16c3c06b0d0,football_data_uk:T1->api_football:203;openfootball:tr.1->api_football:203,Provider-ID crosswalks form one API-Football-anchored group; country=Turkey;division=1;type=LEAGUE;season=2026;known_teams=83;fixtures=11286.
competition,e050c9c9-1e84-542d-95cd-f16c3c06b0d0,football_data_uk,T1,SAME_ENTITY,HIGH,e050c9c9-1e84-542d-95cd-f16c3c06b0d0,football_data_uk:T1->api_football:203;openfootball:tr.1->api_football:203,Provider-ID crosswalks form one API-Football-anchored group; country=Turkey;division=1;type=LEAGUE;season=2026;known_teams=83;fixtures=11286.
competition,e050c9c9-1e84-542d-95cd-f16c3c06b0d0,openfootball,tr.1,SAME_ENTITY,HIGH,e050c9c9-1e84-542d-95cd-f16c3c06b0d0,football_data_uk:T1->api_football:203;openfootball:tr.1->api_football:203,Provider-ID crosswalks form one API-Football-anchored group; country=Turkey;division=1;type=LEAGUE;season=2026;known_teams=83;fixtures=11286.
competition,e4cf1cee-9290-5ee0-b1b7-e7eea69ddd41,api_football,42,SAME_ENTITY,HIGH,e4cf1cee-9290-5ee0-b1b7-e7eea69ddd41,football_data_uk:E3->api_football:42;openfootball:en.4->api_football:42,Provider-ID crosswalks form one API-Football-anchored group; country=England;division=2;type=LEAGUE;season=2026;known_teams=133;fixtures=23592.
competition,e4cf1cee-9290-5ee0-b1b7-e7eea69ddd41,football_data_uk,E3,SAME_ENTITY,HIGH,e4cf1cee-9290-5ee0-b1b7-e7eea69ddd41,football_data_uk:E3->api_football:42;openfootball:en.4->api_football:42,Provider-ID crosswalks form one API-Football-anchored group; country=England;division=2;type=LEAGUE;season=2026;known_teams=133;fixtures=23592.
competition,e4cf1cee-9290-5ee0-b1b7-e7eea69ddd41,openfootball,en.4,SAME_ENTITY,HIGH,e4cf1cee-9290-5ee0-b1b7-e7eea69ddd41,football_data_uk:E3->api_football:42;openfootball:en.4->api_football:42,Provider-ID crosswalks form one API-Football-anchored group; country=England;division=2;type=LEAGUE;season=2026;known_teams=133;fixtures=23592.
competition,e86e161c-377f-5952-bcb1-7b45e8b7a1d0,api_football,79,SAME_ENTITY,HIGH,e86e161c-377f-5952-bcb1-7b45e8b7a1d0,football_data_uk:D2->api_football:79,Provider-ID crosswalks form one API-Football-anchored group; country=Germany;division=2;type=LEAGUE;season=2026;known_teams=81;fixtures=10226.
competition,e86e161c-377f-5952-bcb1-7b45e8b7a1d0,football_data_uk,D2,SAME_ENTITY,HIGH,e86e161c-377f-5952-bcb1-7b45e8b7a1d0,football_data_uk:D2->api_football:79,Provider-ID crosswalks form one API-Football-anchored group; country=Germany;division=2;type=LEAGUE;season=2026;known_teams=81;fixtures=10226.
competition,fe42fbcb-dbc3-5866-be26-8e9b95b449b5,api_football,144,SAME_ENTITY,HIGH,fe42fbcb-dbc3-5866-be26-8e9b95b449b5,football_data_uk:B1->api_football:144,Provider-ID crosswalks form one API-Football-anchored group; country=Belgium;division=1;type=LEAGUE;season=2026;known_teams=41;fixtures=8768.
competition,fe42fbcb-dbc3-5866-be26-8e9b95b449b5,football_data_uk,B1,SAME_ENTITY,HIGH,fe42fbcb-dbc3-5866-be26-8e9b95b449b5,football_data_uk:B1->api_football:144,Provider-ID crosswalks form one API-Football-anchored group; country=Belgium;division=1;type=LEAGUE;season=2026;known_teams=41;fixtures=8768.
competition,ffa8d051-0eaf-5ca5-96c0-77111a120e79,api_football,2,SAME_ENTITY,HIGH,ffa8d051-0eaf-5ca5-96c0-77111a120e79,openfootball:uefa.cl->api_football:2,Provider-ID crosswalks form one API-Football-anchored group; country=World;division=None;type=CUP;season=2026;known_teams=103;fixtures=1307.
competition,ffa8d051-0eaf-5ca5-96c0-77111a120e79,openfootball,uefa.cl,SAME_ENTITY,HIGH,ffa8d051-0eaf-5ca5-96c0-77111a120e79,openfootball:uefa.cl->api_football:2,Provider-ID crosswalks form one API-Football-anchored group; country=World;division=None;type=CUP;season=2026;known_teams=103;fixtures=1307.
team,00c85d58-ec88-579f-9872-88bfc7c42e39,api_football,1378,SAME_ENTITY,HIGH,00c85d58-ec88-579f-9872-88bfc7c42e39,db:product_team_aliases;db:match_provider_mappings;providers=api_football+football_data_uk,"Compatible alias, country, competition, and provider history evidence; normalized_aliases=1;nonempty_countries=1;min_common_competitions=1;shared_fixture_links=0;shared_season_pairs=1;providers_with_history=2."
team,00c85d58-ec88-579f-9872-88bfc7c42e39,football_data_uk,Forest Green,SAME_ENTITY,HIGH,00c85d58-ec88-579f-9872-88bfc7c42e39,db:product_team_aliases;db:match_provider_mappings;providers=api_football+football_data_uk,"Compatible alias, country, competition, and provider history evidence; normalized_aliases=1;nonempty_countries=1;min_common_competitions=1;shared_fixture_links=0;shared_season_pairs=1;providers_with_history=2."
team,01197cc7-8e0c-5d36-b0ae-4877d6257c6a,api_football,1348,SAME_ENTITY,HIGH,01197cc7-8e0c-5d36-b0ae-4877d6257c6a,db:product_team_aliases;db:match_provider_mappings;providers=api_football+football_data_uk+openfootball,"Compatible alias, country, competition, and provider history evidence; normalized_aliases=1;nonempty_countries=1;min_common_competitions=1;shared_fixture_links=123;shared_season_pairs=2;providers_with_history=3."
team,01197cc7-8e0c-5d36-b0ae-4877d6257c6a,football_data_uk,Milton Keynes Dons,SAME_ENTITY,HIGH,01197cc7-8e0c-5d36-b0ae-4877d6257c6a,db:product_team_aliases;db:match_provider_mappings;providers=api_football+football_data_uk+openfootball,"Compatible alias, country, competition, and provider history evidence; normalized_aliases=1;nonempty_countries=1;min_common_competitions=1;shared_fixture_links=123;shared_season_pairs=2;providers_with_history=3."
team,01197cc7-8e0c-5d36-b0ae-4877d6257c6a,openfootball,Milton Keynes Dons,SAME_ENTITY,HIGH,01197cc7-8e0c-5d36-b0ae-4877d6257c6a,db:product_team_aliases;db:match_provider_mappings;providers=api_football+football_data_uk+openfootball,"Compatible alias, country, competition, and provider history evidence; normalized_aliases=1;nonempty_countries=1;min_common_competitions=1;shared_fixture_links=123;shared_season_pairs=2;providers_with_history=3."
team,0511e5bb-a129-5957-8f8c-3d9fdaacc3b7,football_data_uk,Portsmouth,SAME_ENTITY,HIGH,0511e5bb-a129-5957-8f8c-3d9fdaacc3b7,db:product_team_aliases;db:match_provider_mappings;providers=football_data_uk+openfootball,"Compatible alias, country, competition, and provider history evidence; normalized_aliases=1;nonempty_countries=1;min_common_competitions=3;shared_fixture_links=109;shared_season_pairs=1;providers_with_history=2."
team,0511e5bb-a129-5957-8f8c-3d9fdaacc3b7,openfootball,Portsmouth FC,SAME_ENTITY,HIGH,0511e5bb-a129-5957-8f8c-3d9fdaacc3b7,db:product_team_aliases;db:match_provider_mappings;providers=football_data_uk+openfootball,"Compatible alias, country, competition, and provider history evidence; normalized_aliases=1;nonempty_countries=1;min_common_competitions=3;shared_fixture_links=109;shared_season_pairs=1;providers_with_history=2."
team,05c7f707-21c3-5086-9e2a-d5930abd157c,api_football,1365,SAME_ENTITY,HIGH,05c7f707-21c3-5086-9e2a-d5930abd157c,db:product_team_aliases;db:match_provider_mappings;providers=api_football+football_data_uk,"Compatible alias, country, competition, and provider history evidence; normalized_aliases=1;nonempty_countries=1;min_common_competitions=1;shared_fixture_links=0;shared_season_pairs=1;providers_with_history=2."
team,05c7f707-21c3-5086-9e2a-d5930abd157c,football_data_uk,Grimsby,SAME_ENTITY,HIGH,05c7f707-21c3-5086-9e2a-d5930abd157c,db:product_team_aliases;db:match_provider_mappings;providers=api_football+football_data_uk,"Compatible alias, country, competition, and provider history evidence; normalized_aliases=1;nonempty_countries=1;min_common_competitions=1;shared_fixture_links=0;shared_season_pairs=1;providers_with_history=2."
team,07e2fc0d-a4c1-5b16-83ce-e8dbab135119,api_football,1345,SAME_ENTITY,HIGH,07e2fc0d-a4c1-5b16-83ce-e8dbab135119,db:product_team_aliases;db:match_provider_mappings;providers=api_football+football_data_uk+openfootball,"Compatible alias, country, competition, and provider history evidence; normalized_aliases=1;nonempty_countries=1;min_common_competitions=1;shared_fixture_links=80;shared_season_pairs=2;providers_with_history=3."
team,07e2fc0d-a4c1-5b16-83ce-e8dbab135119,football_data_uk,Chesterfield,SAME_ENTITY,HIGH,07e2fc0d-a4c1-5b16-83ce-e8dbab135119,db:product_team_aliases;db:match_provider_mappings;providers=api_football+football_data_uk+openfootball,"Compatible alias, country, competition, and provider history evidence; normalized_aliases=1;nonempty_countries=1;min_common_competitions=1;shared_fixture_links=80;shared_season_pairs=2;providers_with_history=3."
team,07e2fc0d-a4c1-5b16-83ce-e8dbab135119,openfootball,Chesterfield FC,SAME_ENTITY,HIGH,07e2fc0d-a4c1-5b16-83ce-e8dbab135119,db:product_team_aliases;db:match_provider_mappings;providers=api_football+football_data_uk+openfootball,"Compatible alias, country, competition, and provider history evidence; normalized_aliases=1;nonempty_countries=1;min_common_competitions=1;shared_fixture_links=80;shared_season_pairs=2;providers_with_history=3."
team,08344587-9b9f-5018-a571-04c5f56455e6,api_football,1373,SAME_ENTITY,HIGH,08344587-9b9f-5018-a571-04c5f56455e6,db:product_team_aliases;db:match_provider_mappings;providers=api_football+football_data_uk+openfootball,"Compatible alias, country, competition, and provider history evidence; normalized_aliases=1;nonempty_countries=1;min_common_competitions=1;shared_fixture_links=103;shared_season_pairs=2;providers_with_history=3."
team,08344587-9b9f-5018-a571-04c5f56455e6,football_data_uk,Leyton Orient,SAME_ENTITY,HIGH,08344587-9b9f-5018-a571-04c5f56455e6,db:product_team_aliases;db:match_provider_mappings;providers=api_football+football_data_uk+openfootball,"Compatible alias, country, competition, and provider history evidence; normalized_aliases=1;nonempty_countries=1;min_common_competitions=1;shared_fixture_links=103;shared_season_pairs=2;providers_with_history=3."
team,08344587-9b9f-5018-a571-04c5f56455e6,openfootball,Leyton Orient,SAME_ENTITY,HIGH,08344587-9b9f-5018-a571-04c5f56455e6,db:product_team_aliases;db:match_provider_mappings;providers=api_football+football_data_uk+openfootball,"Compatible alias, country, competition, and provider history evidence; normalized_aliases=1;nonempty_countries=1;min_common_competitions=1;shared_fixture_links=103;shared_season_pairs=2;providers_with_history=3."
team,0946a56c-d3ac-581b-8a01-5737f2a75103,football_data_uk,Venezia,SAME_ENTITY,HIGH,0946a56c-d3ac-581b-8a01-5737f2a75103,db:product_team_aliases;db:match_provider_mappings;providers=football_data_uk+openfootball,"Compatible alias, country, competition, and provider history evidence; normalized_aliases=1;nonempty_countries=1;min_common_competitions=2;shared_fixture_links=35;shared_season_pairs=1;providers_with_history=2."
team,0946a56c-d3ac-581b-8a01-5737f2a75103,openfootball,Venezia FC,SAME_ENTITY,HIGH,0946a56c-d3ac-581b-8a01-5737f2a75103,db:product_team_aliases;db:match_provider_mappings;providers=football_data_uk+openfootball,"Compatible alias, country, competition, and provider history evidence; normalized_aliases=1;nonempty_countries=1;min_common_competitions=2;shared_fixture_links=35;shared_season_pairs=1;providers_with_history=2."
team,0d0b5ce5-8a02-55df-bc9d-d6e104fb4e99,api_football,1839,SAME_ENTITY,HIGH,0d0b5ce5-8a02-55df-bc9d-d6e104fb4e99,db:product_team_aliases;db:match_provider_mappings;providers=api_football+football_data_uk,"Compatible alias, country, competition, and provider history evidence; normalized_aliases=1;nonempty_countries=1;min_common_competitions=1;shared_fixture_links=0;shared_season_pairs=1;providers_with_history=2."
team,0d0b5ce5-8a02-55df-bc9d-d6e104fb4e99,football_data_uk,Fylde,SAME_ENTITY,HIGH,0d0b5ce5-8a02-55df-bc9d-d6e104fb4e99,db:product_team_aliases;db:match_provider_mappings;providers=api_football+football_data_uk,"Compatible alias, country, competition, and provider history evidence; normalized_aliases=1;nonempty_countries=1;min_common_competitions=1;shared_fixture_links=0;shared_season_pairs=1;providers_with_history=2."
team,0ec9553b-fa00-56ab-92d0-10f7aece6ce9,api_football,722,SAME_ENTITY,HIGH,0ec9553b-fa00-56ab-92d0-10f7aece6ce9,db:product_team_aliases;db:match_provider_mappings;providers=api_football+football_data_uk,"Compatible alias, country, competition, and provider history evidence; normalized_aliases=1;nonempty_countries=1;min_common_competitions=1;shared_fixture_links=0;shared_season_pairs=1;providers_with_history=2."
team,0ec9553b-fa00-56ab-92d0-10f7aece6ce9,football_data_uk,Albacete,SAME_ENTITY,HIGH,0ec9553b-fa00-56ab-92d0-10f7aece6ce9,db:product_team_aliases;db:match_provider_mappings;providers=api_football+football_data_uk,"Compatible alias, country, competition, and provider history evidence; normalized_aliases=1;nonempty_countries=1;min_common_competitions=1;shared_fixture_links=0;shared_season_pairs=1;providers_with_history=2."
team,0fa7b973-87d3-51ff-b602-0d8d42ab8c0b,api_football,545,SAME_ENTITY,HIGH,0fa7b973-87d3-51ff-b602-0d8d42ab8c0b,db:product_team_aliases;db:match_provider_mappings;providers=api_football+football_data_uk,"Compatible alias, country, competition, and provider history evidence; normalized_aliases=1;nonempty_countries=1;min_common_competitions=1;shared_fixture_links=0;shared_season_pairs=1;providers_with_history=2."
team,0fa7b973-87d3-51ff-b602-0d8d42ab8c0b,football_data_uk,Eibar,SAME_ENTITY,HIGH,0fa7b973-87d3-51ff-b602-0d8d42ab8c0b,db:product_team_aliases;db:match_provider_mappings;providers=api_football+football_data_uk,"Compatible alias, country, competition, and provider history evidence; normalized_aliases=1;nonempty_countries=1;min_common_competitions=1;shared_fixture_links=0;shared_season_pairs=1;providers_with_history=2."
team,124f7b5b-8c3b-5665-b800-5c89be09e3b4,football_data_uk,Pau FC,SAME_ENTITY,HIGH,124f7b5b-8c3b-5665-b800-5c89be09e3b4,db:product_team_aliases;db:match_provider_mappings;providers=football_data_uk+openfootball,"Compatible alias, country, competition, and provider history evidence; normalized_aliases=1;nonempty_countries=1;min_common_competitions=1;shared_fixture_links=31;shared_season_pairs=1;providers_with_history=2."
team,124f7b5b-8c3b-5665-b800-5c89be09e3b4,openfootball,Pau FC,SAME_ENTITY,HIGH,124f7b5b-8c3b-5665-b800-5c89be09e3b4,db:product_team_aliases;db:match_provider_mappings;providers=football_data_uk+openfootball,"Compatible alias, country, competition, and provider history evidence; normalized_aliases=1;nonempty_countries=1;min_common_competitions=1;shared_fixture_links=31;shared_season_pairs=1;providers_with_history=2."
team,14485bb8-ca52-5128-b8bd-652d58bc6386,football_data_uk,Juventus,SAME_ENTITY,HIGH,14485bb8-ca52-5128-b8bd-652d58bc6386,db:product_team_aliases;db:match_provider_mappings;providers=football_data_uk+openfootball,"Compatible alias, country, competition, and provider history evidence; normalized_aliases=1;nonempty_countries=1;min_common_competitions=1;shared_fixture_links=85;shared_season_pairs=1;providers_with_history=2."
team,14485bb8-ca52-5128-b8bd-652d58bc6386,openfootball,Juventus,SAME_ENTITY,HIGH,14485bb8-ca52-5128-b8bd-652d58bc6386,db:product_team_aliases;db:match_provider_mappings;providers=football_data_uk+openfootball,"Compatible alias, country, competition, and provider history evidence; normalized_aliases=1;nonempty_countries=1;min_common_competitions=1;shared_fixture_links=85;shared_season_pairs=1;providers_with_history=2."
team,14485bb8-ca52-5128-b8bd-652d58bc6386,openfootball,Juventus FC,SAME_ENTITY,HIGH,14485bb8-ca52-5128-b8bd-652d58bc6386,db:product_team_aliases;db:match_provider_mappings;providers=football_data_uk+openfootball,"Compatible alias, country, competition, and provider history evidence; normalized_aliases=1;nonempty_countries=1;min_common_competitions=1;shared_fixture_links=85;shared_season_pairs=1;providers_with_history=2."
team,17e5e259-9896-51e0-ae4f-b8414c518c06,api_football,7761,SAME_ENTITY,HIGH,17e5e259-9896-51e0-ae4f-b8414c518c06,db:product_team_aliases;db:match_provider_mappings;providers=api_football+football_data_uk,"Compatible alias, country, competition, and provider history evidence; normalized_aliases=1;nonempty_countries=1;min_common_competitions=1;shared_fixture_links=0;shared_season_pairs=1;providers_with_history=2."
team,17e5e259-9896-51e0-ae4f-b8414c518c06,football_data_uk,Worthing,SAME_ENTITY,HIGH,17e5e259-9896-51e0-ae4f-b8414c518c06,db:product_team_aliases;db:match_provider_mappings;providers=api_football+football_data_uk,"Compatible alias, country, competition, and provider history evidence; normalized_aliases=1;nonempty_countries=1;min_common_competitions=1;shared_fixture_links=0;shared_season_pairs=1;providers_with_history=2."
team,1910ba4b-246f-510c-9600-a0121c8b7594,api_football,1374,SAME_ENTITY,HIGH,1910ba4b-246f-510c-9600-a0121c8b7594,db:product_team_aliases;db:match_provider_mappings;providers=api_football+openfootball,"Compatible alias, country, competition, and provider history evidence; normalized_aliases=1;nonempty_countries=1;min_common_competitions=1;shared_fixture_links=0;shared_season_pairs=0;providers_with_history=2."
team,1910ba4b-246f-510c-9600-a0121c8b7594,openfootball,Mansfield Town,SAME_ENTITY,HIGH,1910ba4b-246f-510c-9600-a0121c8b7594,db:product_team_aliases;db:match_provider_mappings;providers=api_football+openfootball,"Compatible alias, country, competition, and provider history evidence; normalized_aliases=1;nonempty_countries=1;min_common_competitions=1;shared_fixture_links=0;shared_season_pairs=0;providers_with_history=2."
team,1bb4d454-5b9b-5f3d-85fe-a631ff2579cf,football_data_uk,Metz,SAME_ENTITY,HIGH,1bb4d454-5b9b-5f3d-85fe-a631ff2579cf,db:product_team_aliases;db:match_provider_mappings;providers=football_data_uk+openfootball,"Compatible alias, country, competition, and provider history evidence; normalized_aliases=1;nonempty_countries=1;min_common_competitions=2;shared_fixture_links=84;shared_season_pairs=1;providers_with_history=2."
team,1bb4d454-5b9b-5f3d-85fe-a631ff2579cf,openfootball,FC Metz,SAME_ENTITY,HIGH,1bb4d454-5b9b-5f3d-85fe-a631ff2579cf,db:product_team_aliases;db:match_provider_mappings;providers=football_data_uk+openfootball,"Compatible alias, country, competition, and provider history evidence; normalized_aliases=1;nonempty_countries=1;min_common_competitions=2;shared_fixture_links=84;shared_season_pairs=1;providers_with_history=2."
team,1bed947d-cee7-5816-aa0e-a5450badf2b7,football_data_uk,Valenciennes,SAME_ENTITY,HIGH,1bed947d-cee7-5816-aa0e-a5450badf2b7,db:product_team_aliases;db:match_provider_mappings;providers=football_data_uk+openfootball,"Compatible alias, country, competition, and provider history evidence; normalized_aliases=1;nonempty_countries=1;min_common_competitions=1;shared_fixture_links=59;shared_season_pairs=1;providers_with_history=2."
team,1bed947d-cee7-5816-aa0e-a5450badf2b7,openfootball,Valenciennes FC,SAME_ENTITY,HIGH,1bed947d-cee7-5816-aa0e-a5450badf2b7,db:product_team_aliases;db:match_provider_mappings;providers=football_data_uk+openfootball,"Compatible alias, country, competition, and provider history evidence; normalized_aliases=1;nonempty_countries=1;min_common_competitions=1;shared_fixture_links=59;shared_season_pairs=1;providers_with_history=2."
team,1d918431-d835-5b3e-8dbc-a197f27ba085,football_data_uk,Red Star,SAME_ENTITY,HIGH,1d918431-d835-5b3e-8dbc-a197f27ba085,db:product_team_aliases;db:match_provider_mappings;providers=football_data_uk+openfootball,"Compatible alias, country, competition, and provider history evidence; normalized_aliases=1;nonempty_countries=1;min_common_competitions=1;shared_fixture_links=47;shared_season_pairs=1;providers_with_history=2."
team,1d918431-d835-5b3e-8dbc-a197f27ba085,openfootball,Red Star FC,SAME_ENTITY,HIGH,1d918431-d835-5b3e-8dbc-a197f27ba085,db:product_team_aliases;db:match_provider_mappings;providers=football_data_uk+openfootball,"Compatible alias, country, competition, and provider history evidence; normalized_aliases=1;nonempty_countries=1;min_common_competitions=1;shared_fixture_links=47;shared_season_pairs=1;providers_with_history=2."
team,1ea08310-f865-59a0-a70f-94c18306e376,api_football,1844,SAME_ENTITY,HIGH,1ea08310-f865-59a0-a70f-94c18306e376,db:product_team_aliases;db:match_provider_mappings;providers=api_football+openfootball,"Compatible alias, country, competition, and provider history evidence; normalized_aliases=1;nonempty_countries=1;min_common_competitions=1;shared_fixture_links=0;shared_season_pairs=0;providers_with_history=2."
team,1ea08310-f865-59a0-a70f-94c18306e376,openfootball,Salford City,SAME_ENTITY,HIGH,1ea08310-f865-59a0-a70f-94c18306e376,db:product_team_aliases;db:match_provider_mappings;providers=api_football+openfootball,"Compatible alias, country, competition, and provider history evidence; normalized_aliases=1;nonempty_countries=1;min_common_competitions=1;shared_fixture_links=0;shared_season_pairs=0;providers_with_history=2."
team,2066f0f6-0549-5c1a-a7c1-d67134543beb,api_football,1354,SAME_ENTITY,HIGH,2066f0f6-0549-5c1a-a7c1-d67134543beb,db:product_team_aliases;db:match_provider_mappings;providers=api_football+football_data_uk,"Compatible alias, country, competition, and provider history evidence; normalized_aliases=1;nonempty_countries=1;min_common_competitions=1;shared_fixture_links=0;shared_season_pairs=1;providers_with_history=2."
team,2066f0f6-0549-5c1a-a7c1-d67134543beb,football_data_uk,Doncaster,SAME_ENTITY,HIGH,2066f0f6-0549-5c1a-a7c1-d67134543beb,db:product_team_aliases;db:match_provider_mappings;providers=api_football+football_data_uk,"Compatible alias, country, competition, and provider history evidence; normalized_aliases=1;nonempty_countries=1;min_common_competitions=1;shared_fixture_links=0;shared_season_pairs=1;providers_with_history=2."
team,2123b3f7-7c54-53e8-9a5a-c21abeff1711,football_data_org,354,SAME_ENTITY,HIGH,2123b3f7-7c54-53e8-9a5a-c21abeff1711,db:product_team_aliases;db:match_provider_mappings;providers=football_data_org+openfootball,"Compatible alias, country, competition, and provider history evidence; normalized_aliases=1;nonempty_countries=1;min_common_competitions=1;shared_fixture_links=27;shared_season_pairs=1;providers_with_history=2."
team,2123b3f7-7c54-53e8-9a5a-c21abeff1711,openfootball,Crystal Palace,SAME_ENTITY,HIGH,2123b3f7-7c54-53e8-9a5a-c21abeff1711,db:product_team_aliases;db:match_provider_mappings;providers=football_data_org+openfootball,"Compatible alias, country, competition, and provider history evidence; normalized_aliases=1;nonempty_countries=1;min_common_competitions=1;shared_fixture_links=27;shared_season_pairs=1;providers_with_history=2."
team,2123b3f7-7c54-53e8-9a5a-c21abeff1711,openfootball,Crystal Palace FC,SAME_ENTITY,HIGH,2123b3f7-7c54-53e8-9a5a-c21abeff1711,db:product_team_aliases;db:match_provider_mappings;providers=football_data_org+openfootball,"Compatible alias, country, competition, and provider history evidence; normalized_aliases=1;nonempty_countries=1;min_common_competitions=1;shared_fixture_links=27;shared_season_pairs=1;providers_with_history=2."
team,2137cc45-a0b0-58e2-8a55-cbb888454ffa,api_football,1334,SAME_ENTITY,HIGH,2137cc45-a0b0-58e2-8a55-cbb888454ffa,db:product_team_aliases;db:match_provider_mappings;providers=api_football+openfootball,"Compatible alias, country, competition, and provider history evidence; normalized_aliases=1;nonempty_countries=1;min_common_competitions=1;shared_fixture_links=0;shared_season_pairs=0;providers_with_history=2."
team,2137cc45-a0b0-58e2-8a55-cbb888454ffa,openfootball,Bristol Rovers,SAME_ENTITY,HIGH,2137cc45-a0b0-58e2-8a55-cbb888454ffa,db:product_team_aliases;db:match_provider_mappings;providers=api_football+openfootball,"Compatible alias, country, competition, and provider history evidence; normalized_aliases=1;nonempty_countries=1;min_common_competitions=1;shared_fixture_links=0;shared_season_pairs=0;providers_with_history=2."
team,21e4ba5b-6b34-5f11-9739-17f7d9cf6e1e,football_data_uk,Heerenveen,SAME_ENTITY,HIGH,21e4ba5b-6b34-5f11-9739-17f7d9cf6e1e,db:product_team_aliases;db:match_provider_mappings;providers=football_data_uk+openfootball,"Compatible alias, country, competition, and provider history evidence; normalized_aliases=1;nonempty_countries=1;min_common_competitions=1;shared_fixture_links=154;shared_season_pairs=1;providers_with_history=2."
team,21e4ba5b-6b34-5f11-9739-17f7d9cf6e1e,openfootball,SC Heerenveen,SAME_ENTITY,HIGH,21e4ba5b-6b34-5f11-9739-17f7d9cf6e1e,db:product_team_aliases;db:match_provider_mappings;providers=football_data_uk+openfootball,"Compatible alias, country, competition, and provider history evidence; normalized_aliases=1;nonempty_countries=1;min_common_competitions=1;shared_fixture_links=154;shared_season_pairs=1;providers_with_history=2."
team,21e4ba5b-6b34-5f11-9739-17f7d9cf6e1e,openfootball,sc Heerenveen,SAME_ENTITY,HIGH,21e4ba5b-6b34-5f11-9739-17f7d9cf6e1e,db:product_team_aliases;db:match_provider_mappings;providers=football_data_uk+openfootball,"Compatible alias, country, competition, and provider history evidence; normalized_aliases=1;nonempty_countries=1;min_common_competitions=1;shared_fixture_links=154;shared_season_pairs=1;providers_with_history=2."
team,22314a1c-da19-550b-a501-789f740603ff,football_data_uk,Sheffield United,SAME_ENTITY,HIGH,22314a1c-da19-550b-a501-789f740603ff,db:product_team_aliases;db:match_provider_mappings;providers=football_data_uk+openfootball,"Compatible alias, country, competition, and provider history evidence; normalized_aliases=1;nonempty_countries=1;min_common_competitions=3;shared_fixture_links=212;shared_season_pairs=1;providers_with_history=2."
team,22314a1c-da19-550b-a501-789f740603ff,openfootball,Sheffield United,SAME_ENTITY,HIGH,22314a1c-da19-550b-a501-789f740603ff,db:product_team_aliases;db:match_provider_mappings;providers=football_data_uk+openfootball,"Compatible alias, country, competition, and provider history evidence; normalized_aliases=1;nonempty_countries=1;min_common_competitions=3;shared_fixture_links=212;shared_season_pairs=1;providers_with_history=2."
team,22314a1c-da19-550b-a501-789f740603ff,openfootball,Sheffield United FC,SAME_ENTITY,HIGH,22314a1c-da19-550b-a501-789f740603ff,db:product_team_aliases;db:match_provider_mappings;providers=football_data_uk+openfootball,"Compatible alias, country, competition, and provider history evidence; normalized_aliases=1;nonempty_countries=1;min_common_competitions=3;shared_fixture_links=212;shared_season_pairs=1;providers_with_history=2."
team,22f9b14a-157d-56f6-9565-70e2ea4ebfb3,api_football,747,SAME_ENTITY,HIGH,22f9b14a-157d-56f6-9565-70e2ea4ebfb3,db:product_team_aliases;db:match_provider_mappings;providers=api_football+football_data_uk+openfootball,"Compatible alias, country, competition, and provider history evidence; normalized_aliases=1;nonempty_countries=1;min_common_competitions=1;shared_fixture_links=142;shared_season_pairs=2;providers_with_history=3."
team,22f9b14a-157d-56f6-9565-70e2ea4ebfb3,football_data_uk,Barnsley,SAME_ENTITY,HIGH,22f9b14a-157d-56f6-9565-70e2ea4ebfb3,db:product_team_aliases;db:match_provider_mappings;providers=api_football+football_data_uk+openfootball,"Compatible alias, country, competition, and provider history evidence; normalized_aliases=1;nonempty_countries=1;min_common_competitions=1;shared_fixture_links=142;shared_season_pairs=2;providers_with_history=3."
team,22f9b14a-157d-56f6-9565-70e2ea4ebfb3,openfootball,Barnsley FC,SAME_ENTITY,HIGH,22f9b14a-157d-56f6-9565-70e2ea4ebfb3,db:product_team_aliases;db:match_provider_mappings;providers=api_football+football_data_uk+openfootball,"Compatible alias, country, competition, and provider history evidence; normalized_aliases=1;nonempty_countries=1;min_common_competitions=1;shared_fixture_links=142;shared_season_pairs=2;providers_with_history=3."
team,26ff0122-e1a4-5b2e-908c-5fcaf69f99bf,football_data_uk,Lorient,SAME_ENTITY,HIGH,26ff0122-e1a4-5b2e-908c-5fcaf69f99bf,db:product_team_aliases;db:match_provider_mappings;providers=football_data_uk+openfootball,"Compatible alias, country, competition, and provider history evidence; normalized_aliases=1;nonempty_countries=1;min_common_competitions=2;shared_fixture_links=92;shared_season_pairs=1;providers_with_history=2."
team,26ff0122-e1a4-5b2e-908c-5fcaf69f99bf,openfootball,FC Lorient,SAME_ENTITY,HIGH,26ff0122-e1a4-5b2e-908c-5fcaf69f99bf,db:product_team_aliases;db:match_provider_mappings;providers=football_data_uk+openfootball,"Compatible alias, country, competition, and provider history evidence; normalized_aliases=1;nonempty_countries=1;min_common_competitions=2;shared_fixture_links=92;shared_season_pairs=1;providers_with_history=2."
team,282e7f53-0cfe-5488-aff9-4b89426e1b36,football_data_uk,Martigues,SAME_ENTITY,HIGH,282e7f53-0cfe-5488-aff9-4b89426e1b36,db:product_team_aliases;db:match_provider_mappings;providers=football_data_uk+openfootball,"Compatible alias, country, competition, and provider history evidence; normalized_aliases=1;nonempty_countries=1;min_common_competitions=1;shared_fixture_links=16;shared_season_pairs=1;providers_with_history=2."
team,282e7f53-0cfe-5488-aff9-4b89426e1b36,openfootball,FC Martigues,SAME_ENTITY,HIGH,282e7f53-0cfe-5488-aff9-4b89426e1b36,db:product_team_aliases;db:match_provider_mappings;providers=football_data_uk+openfootball,"Compatible alias, country, competition, and provider history evidence; normalized_aliases=1;nonempty_countries=1;min_common_competitions=1;shared_fixture_links=16;shared_season_pairs=1;providers_with_history=2."
team,291393e5-4c70-575f-88c5-d82aae16a441,football_data_uk,Vitesse,SAME_ENTITY,HIGH,291393e5-4c70-575f-88c5-d82aae16a441,db:product_team_aliases;db:match_provider_mappings;providers=football_data_uk+openfootball,"Compatible alias, country, competition, and provider history evidence; normalized_aliases=1;nonempty_countries=1;min_common_competitions=1;shared_fixture_links=114;shared_season_pairs=1;providers_with_history=2."
team,291393e5-4c70-575f-88c5-d82aae16a441,openfootball,Vitesse,SAME_ENTITY,HIGH,291393e5-4c70-575f-88c5-d82aae16a441,db:product_team_aliases;db:match_provider_mappings;providers=football_data_uk+openfootball,"Compatible alias, country, competition, and provider history evidence; normalized_aliases=1;nonempty_countries=1;min_common_competitions=1;shared_fixture_links=114;shared_season_pairs=1;providers_with_history=2."
team,2943d9ca-2926-5d8e-9a4d-67bc2ce3fdbc,football_data_uk,Dundee,SAME_ENTITY,HIGH,2943d9ca-2926-5d8e-9a4d-67bc2ce3fdbc,db:product_team_aliases;db:match_provider_mappings;providers=football_data_uk+openfootball,"Compatible alias, country, competition, and provider history evidence; normalized_aliases=1;nonempty_countries=1;min_common_competitions=1;shared_fixture_links=61;shared_season_pairs=1;providers_with_history=2."
team,2943d9ca-2926-5d8e-9a4d-67bc2ce3fdbc,openfootball,Dundee FC,SAME_ENTITY,HIGH,2943d9ca-2926-5d8e-9a4d-67bc2ce3fdbc,db:product_team_aliases;db:match_provider_mappings;providers=football_data_uk+openfootball,"Compatible alias, country, competition, and provider history evidence; normalized_aliases=1;nonempty_countries=1;min_common_competitions=1;shared_fixture_links=61;shared_season_pairs=1;providers_with_history=2."
team,2b5d89e3-d3c6-5cd5-9a5a-eaf6e4929723,football_data_uk,Kocaelispor,SAME_ENTITY,HIGH,2b5d89e3-d3c6-5cd5-9a5a-eaf6e4929723,db:product_team_aliases;db:match_provider_mappings;providers=football_data_uk+openfootball,"Compatible alias, country, competition, and provider history evidence; normalized_aliases=1;nonempty_countries=1;min_common_competitions=1;shared_fixture_links=5;shared_season_pairs=1;providers_with_history=2."
team,2b5d89e3-d3c6-5cd5-9a5a-eaf6e4929723,openfootball,Kocaelispor,SAME_ENTITY,HIGH,2b5d89e3-d3c6-5cd5-9a5a-eaf6e4929723,db:product_team_aliases;db:match_provider_mappings;providers=football_data_uk+openfootball,"Compatible alias, country, competition, and provider history evidence; normalized_aliases=1;nonempty_countries=1;min_common_competitions=1;shared_fixture_links=5;shared_season_pairs=1;providers_with_history=2."
team,2ef49551-63ea-5ef6-86f4-8472100700cd,api_football,748,SAME_ENTITY,HIGH,2ef49551-63ea-5ef6-86f4-8472100700cd,db:product_team_aliases;db:match_provider_mappings;providers=api_football+openfootball,"Compatible alias, country, competition, and provider history evidence; normalized_aliases=1;nonempty_countries=1;min_common_competitions=1;shared_fixture_links=0;shared_season_pairs=0;providers_with_history=2."
team,2ef49551-63ea-5ef6-86f4-8472100700cd,openfootball,Burton Albion,SAME_ENTITY,HIGH,2ef49551-63ea-5ef6-86f4-8472100700cd,db:product_team_aliases;db:match_provider_mappings;providers=api_football+openfootball,"Compatible alias, country, competition, and provider history evidence; normalized_aliases=1;nonempty_countries=1;min_common_competitions=1;shared_fixture_links=0;shared_season_pairs=0;providers_with_history=2."
team,3429397f-4ba0-59e8-a4ca-5d84e4df24f1,football_data_uk,Farense,SAME_ENTITY,HIGH,3429397f-4ba0-59e8-a4ca-5d84e4df24f1,db:product_team_aliases;db:match_provider_mappings;providers=football_data_uk+openfootball,"Compatible alias, country, competition, and provider history evidence; normalized_aliases=1;nonempty_countries=1;min_common_competitions=1;shared_fixture_links=42;shared_season_pairs=1;providers_with_history=2."
team,3429397f-4ba0-59e8-a4ca-5d84e4df24f1,openfootball,SC Farense,SAME_ENTITY,HIGH,3429397f-4ba0-59e8-a4ca-5d84e4df24f1,db:product_team_aliases;db:match_provider_mappings;providers=football_data_uk+openfootball,"Compatible alias, country, competition, and provider history evidence; normalized_aliases=1;nonempty_countries=1;min_common_competitions=1;shared_fixture_links=42;shared_season_pairs=1;providers_with_history=2."
team,34672009-9e17-5471-8347-5a95e10a37a9,api_football,537,SAME_ENTITY,HIGH,34672009-9e17-5471-8347-5a95e10a37a9,db:product_team_aliases;db:match_provider_mappings;providers=api_football+football_data_uk,"Compatible alias, country, competition, and provider history evidence; normalized_aliases=1;nonempty_countries=1;min_common_competitions=1;shared_fixture_links=0;shared_season_pairs=1;providers_with_history=2."
team,34672009-9e17-5471-8347-5a95e10a37a9,football_data_uk,Leganes,SAME_ENTITY,HIGH,34672009-9e17-5471-8347-5a95e10a37a9,db:product_team_aliases;db:match_provider_mappings;providers=api_football+football_data_uk,"Compatible alias, country, competition, and provider history evidence; normalized_aliases=1;nonempty_countries=1;min_common_competitions=1;shared_fixture_links=0;shared_season_pairs=1;providers_with_history=2."
team,34d8169a-e641-5cd5-a627-fc661c1fcb5a,football_data_uk,Sochaux,SAME_ENTITY,HIGH,34d8169a-e641-5cd5-a627-fc661c1fcb5a,db:product_team_aliases;db:match_provider_mappings;providers=football_data_uk+openfootball,"Compatible alias, country, competition, and provider history evidence; normalized_aliases=1;nonempty_countries=1;min_common_competitions=1;shared_fixture_links=61;shared_season_pairs=1;providers_with_history=2."
team,34d8169a-e641-5cd5-a627-fc661c1fcb5a,openfootball,FC Sochaux,SAME_ENTITY,HIGH,34d8169a-e641-5cd5-a627-fc661c1fcb5a,db:product_team_aliases;db:match_provider_mappings;providers=football_data_uk+openfootball,"Compatible alias, country, competition, and provider history evidence; normalized_aliases=1;nonempty_countries=1;min_common_competitions=1;shared_fixture_links=61;shared_season_pairs=1;providers_with_history=2."
team,360c713a-2405-5f5d-9200-820703603517,football_data_uk,Wrexham,SAME_ENTITY,HIGH,360c713a-2405-5f5d-9200-820703603517,db:product_team_aliases;db:match_provider_mappings;providers=football_data_uk+openfootball,"Compatible alias, country, competition, and provider history evidence; normalized_aliases=1;nonempty_countries=1;min_common_competitions=2;shared_fixture_links=23;shared_season_pairs=1;providers_with_history=2."
team,360c713a-2405-5f5d-9200-820703603517,openfootball,Wrexham AFC,SAME_ENTITY,HIGH,360c713a-2405-5f5d-9200-820703603517,db:product_team_aliases;db:match_provider_mappings;providers=football_data_uk+openfootball,"Compatible alias, country, competition, and provider history evidence; normalized_aliases=1;nonempty_countries=1;min_common_competitions=2;shared_fixture_links=23;shared_season_pairs=1;providers_with_history=2."
team,3770524c-2472-5209-b9a7-7b524a9cc78a,football_data_org,67,SAME_ENTITY,HIGH,3770524c-2472-5209-b9a7-7b524a9cc78a,db:product_team_aliases;db:match_provider_mappings;providers=football_data_org+openfootball,"Compatible alias, country, competition, and provider history evidence; normalized_aliases=1;nonempty_countries=1;min_common_competitions=1;shared_fixture_links=4;shared_season_pairs=1;providers_with_history=2."
team,3770524c-2472-5209-b9a7-7b524a9cc78a,openfootball,Newcastle United,SAME_ENTITY,HIGH,3770524c-2472-5209-b9a7-7b524a9cc78a,db:product_team_aliases;db:match_provider_mappings;providers=football_data_org+openfootball,"Compatible alias, country, competition, and provider history evidence; normalized_aliases=1;nonempty_countries=1;min_common_competitions=1;shared_fixture_links=4;shared_season_pairs=1;providers_with_history=2."
team,3770524c-2472-5209-b9a7-7b524a9cc78a,openfootball,Newcastle United FC,SAME_ENTITY,HIGH,3770524c-2472-5209-b9a7-7b524a9cc78a,db:product_team_aliases;db:match_provider_mappings;providers=football_data_org+openfootball,"Compatible alias, country, competition, and provider history evidence; normalized_aliases=1;nonempty_countries=1;min_common_competitions=1;shared_fixture_links=4;shared_season_pairs=1;providers_with_history=2."
team,37fcc4c4-847c-5e7d-8b1e-df6aa7ff2727,football_data_uk,Tours,SAME_ENTITY,HIGH,37fcc4c4-847c-5e7d-8b1e-df6aa7ff2727,db:product_team_aliases;db:match_provider_mappings;providers=football_data_uk+openfootball,"Compatible alias, country, competition, and provider history evidence; normalized_aliases=1;nonempty_countries=1;min_common_competitions=1;shared_fixture_links=30;shared_season_pairs=1;providers_with_history=2."
team,37fcc4c4-847c-5e7d-8b1e-df6aa7ff2727,openfootball,Tours FC,SAME_ENTITY,HIGH,37fcc4c4-847c-5e7d-8b1e-df6aa7ff2727,db:product_team_aliases;db:match_provider_mappings;providers=football_data_uk+openfootball,"Compatible alias, country, competition, and provider history evidence; normalized_aliases=1;nonempty_countries=1;min_common_competitions=1;shared_fixture_links=30;shared_season_pairs=1;providers_with_history=2."
team,3844db70-e18c-5b02-bf26-67dda838e727,football_data_uk,Paris FC,SAME_ENTITY,HIGH,3844db70-e18c-5b02-bf26-67dda838e727,db:product_team_aliases;db:match_provider_mappings;providers=football_data_uk+openfootball,"Compatible alias, country, competition, and provider history evidence; normalized_aliases=1;nonempty_countries=1;min_common_competitions=2;shared_fixture_links=71;shared_season_pairs=1;providers_with_history=2."
team,3844db70-e18c-5b02-bf26-67dda838e727,openfootball,Paris FC,SAME_ENTITY,HIGH,3844db70-e18c-5b02-bf26-67dda838e727,db:product_team_aliases;db:match_provider_mappings;providers=football_data_uk+openfootball,"Compatible alias, country, competition, and provider history evidence; normalized_aliases=1;nonempty_countries=1;min_common_competitions=2;shared_fixture_links=71;shared_season_pairs=1;providers_with_history=2."
team,38e41f1f-1665-5251-a6f5-6df1a71de891,api_football,9593,SAME_ENTITY,HIGH,38e41f1f-1665-5251-a6f5-6df1a71de891,db:product_team_aliases;db:match_provider_mappings;providers=api_football+football_data_uk,"Compatible alias, country, competition, and provider history evidence; normalized_aliases=1;nonempty_countries=1;min_common_competitions=1;shared_fixture_links=0;shared_season_pairs=1;providers_with_history=2."
team,38e41f1f-1665-5251-a6f5-6df1a71de891,football_data_uk,Sabadell,SAME_ENTITY,HIGH,38e41f1f-1665-5251-a6f5-6df1a71de891,db:product_team_aliases;db:match_provider_mappings;providers=api_football+football_data_uk,"Compatible alias, country, competition, and provider history evidence; normalized_aliases=1;nonempty_countries=1;min_common_competitions=1;shared_fixture_links=0;shared_season_pairs=1;providers_with_history=2."
team,3933d609-02d9-5f68-8c80-7cfc0981e930,api_football,1369,SAME_ENTITY,HIGH,3933d609-02d9-5f68-8c80-7cfc0981e930,db:product_team_aliases;db:match_provider_mappings;providers=api_football+football_data_uk+openfootball,"Compatible alias, country, competition, and provider history evidence; normalized_aliases=1;nonempty_countries=1;min_common_competitions=1;shared_fixture_links=24;shared_season_pairs=2;providers_with_history=3."
team,3933d609-02d9-5f68-8c80-7cfc0981e930,football_data_uk,Barnet,SAME_ENTITY,HIGH,3933d609-02d9-5f68-8c80-7cfc0981e930,db:product_team_aliases;db:match_provider_mappings;providers=api_football+football_data_uk+openfootball,"Compatible alias, country, competition, and provider history evidence; normalized_aliases=1;nonempty_countries=1;min_common_competitions=1;shared_fixture_links=24;shared_season_pairs=2;providers_with_history=3."
team,3933d609-02d9-5f68-8c80-7cfc0981e930,openfootball,Barnet FC,SAME_ENTITY,HIGH,3933d609-02d9-5f68-8c80-7cfc0981e930,db:product_team_aliases;db:match_provider_mappings;providers=api_football+football_data_uk+openfootball,"Compatible alias, country, competition, and provider history evidence; normalized_aliases=1;nonempty_countries=1;min_common_competitions=1;shared_fixture_links=24;shared_season_pairs=2;providers_with_history=3."
team,3b52b475-545d-5119-b3e7-2b77c58ce890,football_data_uk,Virtus Entella,SAME_ENTITY,HIGH,3b52b475-545d-5119-b3e7-2b77c58ce890,db:product_team_aliases;db:match_provider_mappings;providers=football_data_uk+openfootball,"Compatible alias, country, competition, and provider history evidence; normalized_aliases=1;nonempty_countries=1;min_common_competitions=1;shared_fixture_links=51;shared_season_pairs=1;providers_with_history=2."
team,3b52b475-545d-5119-b3e7-2b77c58ce890,openfootball,Virtus Entella,SAME_ENTITY,HIGH,3b52b475-545d-5119-b3e7-2b77c58ce890,db:product_team_aliases;db:match_provider_mappings;providers=football_data_uk+openfootball,"Compatible alias, country, competition, and provider history evidence; normalized_aliases=1;nonempty_countries=1;min_common_competitions=1;shared_fixture_links=51;shared_season_pairs=1;providers_with_history=2."
team,3b5c64d7-e94c-5bf4-95cf-052326d646fa,api_football,1361,SAME_ENTITY,HIGH,3b5c64d7-e94c-5bf4-95cf-052326d646fa,db:product_team_aliases;db:match_provider_mappings;providers=api_football+football_data_uk,"Compatible alias, country, competition, and provider history evidence; normalized_aliases=1;nonempty_countries=1;min_common_competitions=1;shared_fixture_links=0;shared_season_pairs=1;providers_with_history=2."
team,3b5c64d7-e94c-5bf4-95cf-052326d646fa,football_data_uk,Colchester,SAME_ENTITY,HIGH,3b5c64d7-e94c-5bf4-95cf-052326d646fa,db:product_team_aliases;db:match_provider_mappings;providers=api_football+football_data_uk,"Compatible alias, country, competition, and provider history evidence; normalized_aliases=1;nonempty_countries=1;min_common_competitions=1;shared_fixture_links=0;shared_season_pairs=1;providers_with_history=2."
team,3d548717-fbac-5ad3-a29a-d387079581f4,api_football,1363,SAME_ENTITY,HIGH,3d548717-fbac-5ad3-a29a-d387079581f4,db:product_team_aliases;db:match_provider_mappings;providers=api_football+football_data_uk,"Compatible alias, country, competition, and provider history evidence; normalized_aliases=1;nonempty_countries=1;min_common_competitions=1;shared_fixture_links=0;shared_season_pairs=1;providers_with_history=2."
team,3d548717-fbac-5ad3-a29a-d387079581f4,football_data_uk,Crewe,SAME_ENTITY,HIGH,3d548717-fbac-5ad3-a29a-d387079581f4,db:product_team_aliases;db:match_provider_mappings;providers=api_football+football_data_uk,"Compatible alias, country, competition, and provider history evidence; normalized_aliases=1;nonempty_countries=1;min_common_competitions=1;shared_fixture_links=0;shared_season_pairs=1;providers_with_history=2."
team,3d6de911-a117-5f7c-baa3-142f014682e7,football_data_uk,AZ Alkmaar,SAME_ENTITY,HIGH,3d6de911-a117-5f7c-baa3-142f014682e7,db:product_team_aliases;db:match_provider_mappings;providers=football_data_uk+openfootball,"Compatible alias, country, competition, and provider history evidence; normalized_aliases=1;nonempty_countries=1;min_common_competitions=1;shared_fixture_links=113;shared_season_pairs=1;providers_with_history=2."
team,3d6de911-a117-5f7c-baa3-142f014682e7,openfootball,AZ Alkmaar,SAME_ENTITY,HIGH,3d6de911-a117-5f7c-baa3-142f014682e7,db:product_team_aliases;db:match_provider_mappings;providers=football_data_uk+openfootball,"Compatible alias, country, competition, and provider history evidence; normalized_aliases=1;nonempty_countries=1;min_common_competitions=1;shared_fixture_links=113;shared_season_pairs=1;providers_with_history=2."
team,4086c1d2-acfe-5d7d-9ae8-b220de69b38a,football_data_uk,Bristol City,SAME_ENTITY,HIGH,4086c1d2-acfe-5d7d-9ae8-b220de69b38a,db:product_team_aliases;db:match_provider_mappings;providers=football_data_uk+openfootball,"Compatible alias, country, competition, and provider history evidence; normalized_aliases=1;nonempty_countries=1;min_common_competitions=2;shared_fixture_links=194;shared_season_pairs=1;providers_with_history=2."
team,4086c1d2-acfe-5d7d-9ae8-b220de69b38a,openfootball,Bristol City,SAME_ENTITY,HIGH,4086c1d2-acfe-5d7d-9ae8-b220de69b38a,db:product_team_aliases;db:match_provider_mappings;providers=football_data_uk+openfootball,"Compatible alias, country, competition, and provider history evidence; normalized_aliases=1;nonempty_countries=1;min_common_competitions=2;shared_fixture_links=194;shared_season_pairs=1;providers_with_history=2."
team,4086c1d2-acfe-5d7d-9ae8-b220de69b38a,openfootball,Bristol City FC,SAME_ENTITY,HIGH,4086c1d2-acfe-5d7d-9ae8-b220de69b38a,db:product_team_aliases;db:match_provider_mappings;providers=football_data_uk+openfootball,"Compatible alias, country, competition, and provider history evidence; normalized_aliases=1;nonempty_countries=1;min_common_competitions=2;shared_fixture_links=194;shared_season_pairs=1;providers_with_history=2."
team,414278e0-aaa0-57eb-928a-5a79e0eca529,football_data_uk,Arouca,SAME_ENTITY,HIGH,414278e0-aaa0-57eb-928a-5a79e0eca529,db:product_team_aliases;db:match_provider_mappings;providers=football_data_uk+openfootball,"Compatible alias, country, competition, and provider history evidence; normalized_aliases=1;nonempty_countries=1;min_common_competitions=1;shared_fixture_links=68;shared_season_pairs=1;providers_with_history=2."
team,414278e0-aaa0-57eb-928a-5a79e0eca529,openfootball,FC Arouca,SAME_ENTITY,HIGH,414278e0-aaa0-57eb-928a-5a79e0eca529,db:product_team_aliases;db:match_provider_mappings;providers=football_data_uk+openfootball,"Compatible alias, country, competition, and provider history evidence; normalized_aliases=1;nonempty_countries=1;min_common_competitions=1;shared_fixture_links=68;shared_season_pairs=1;providers_with_history=2."
team,416a68ff-f97b-5636-8d64-3cdadfe97b27,api_football,1337,SAME_ENTITY,HIGH,416a68ff-f97b-5636-8d64-3cdadfe97b27,db:product_team_aliases;db:match_provider_mappings;providers=api_football+football_data_uk,"Compatible alias, country, competition, and provider history evidence; normalized_aliases=1;nonempty_countries=1;min_common_competitions=1;shared_fixture_links=0;shared_season_pairs=1;providers_with_history=2."
team,416a68ff-f97b-5636-8d64-3cdadfe97b27,football_data_uk,Northampton,SAME_ENTITY,HIGH,416a68ff-f97b-5636-8d64-3cdadfe97b27,db:product_team_aliases;db:match_provider_mappings;providers=api_football+football_data_uk,"Compatible alias, country, competition, and provider history evidence; normalized_aliases=1;nonempty_countries=1;min_common_competitions=1;shared_fixture_links=0;shared_season_pairs=1;providers_with_history=2."
team,42e6c258-4417-5aab-a8ca-27b0596a106e,football_data_uk,Sparta Rotterdam,SAME_ENTITY,HIGH,42e6c258-4417-5aab-a8ca-27b0596a106e,db:product_team_aliases;db:match_provider_mappings;providers=football_data_uk+openfootball,"Compatible alias, country, competition, and provider history evidence; normalized_aliases=1;nonempty_countries=1;min_common_competitions=1;shared_fixture_links=133;shared_season_pairs=1;providers_with_history=2."
team,42e6c258-4417-5aab-a8ca-27b0596a106e,openfootball,Sparta Rotterdam,SAME_ENTITY,HIGH,42e6c258-4417-5aab-a8ca-27b0596a106e,db:product_team_aliases;db:match_provider_mappings;providers=football_data_uk+openfootball,"Compatible alias, country, competition, and provider history evidence; normalized_aliases=1;nonempty_countries=1;min_common_competitions=1;shared_fixture_links=133;shared_season_pairs=1;providers_with_history=2."
team,43a87711-acba-585e-9d49-73c5aed9af2a,football_data_uk,Middlesbrough,SAME_ENTITY,HIGH,43a87711-acba-585e-9d49-73c5aed9af2a,db:product_team_aliases;db:match_provider_mappings;providers=football_data_uk+openfootball,"Compatible alias, country, competition, and provider history evidence; normalized_aliases=1;nonempty_countries=1;min_common_competitions=2;shared_fixture_links=199;shared_season_pairs=1;providers_with_history=2."
team,43a87711-acba-585e-9d49-73c5aed9af2a,openfootball,Middlesbrough FC,SAME_ENTITY,HIGH,43a87711-acba-585e-9d49-73c5aed9af2a,db:product_team_aliases;db:match_provider_mappings;providers=football_data_uk+openfootball,"Compatible alias, country, competition, and provider history evidence; normalized_aliases=1;nonempty_countries=1;min_common_competitions=2;shared_fixture_links=199;shared_season_pairs=1;providers_with_history=2."
team,452b7d0f-b46f-5026-bc8d-9c75abd07364,football_data_uk,St Johnstone,SAME_ENTITY,HIGH,452b7d0f-b46f-5026-bc8d-9c75abd07364,db:product_team_aliases;db:match_provider_mappings;providers=football_data_uk+openfootball,"Compatible alias, country, competition, and provider history evidence; normalized_aliases=1;nonempty_countries=1;min_common_competitions=1;shared_fixture_links=96;shared_season_pairs=1;providers_with_history=2."
team,452b7d0f-b46f-5026-bc8d-9c75abd07364,openfootball,St. Johnstone FC,SAME_ENTITY,HIGH,452b7d0f-b46f-5026-bc8d-9c75abd07364,db:product_team_aliases;db:match_provider_mappings;providers=football_data_uk+openfootball,"Compatible alias, country, competition, and provider history evidence; normalized_aliases=1;nonempty_countries=1;min_common_competitions=1;shared_fixture_links=96;shared_season_pairs=1;providers_with_history=2."
team,489a0b7d-f8e3-56a0-a3c1-8a9f6441f453,football_data_org,62,SAME_ENTITY,HIGH,489a0b7d-f8e3-56a0-a3c1-8a9f6441f453,db:product_team_aliases;db:match_provider_mappings;providers=football_data_org+football_data_uk+openfootball,"Compatible alias, country, competition, and provider history evidence; normalized_aliases=1;nonempty_countries=1;min_common_competitions=1;shared_fixture_links=251;shared_season_pairs=3;providers_with_history=3."
team,489a0b7d-f8e3-56a0-a3c1-8a9f6441f453,football_data_uk,Everton,SAME_ENTITY,HIGH,489a0b7d-f8e3-56a0-a3c1-8a9f6441f453,db:product_team_aliases;db:match_provider_mappings;providers=football_data_org+football_data_uk+openfootball,"Compatible alias, country, competition, and provider history evidence; normalized_aliases=1;nonempty_countries=1;min_common_competitions=1;shared_fixture_links=251;shared_season_pairs=3;providers_with_history=3."
team,489a0b7d-f8e3-56a0-a3c1-8a9f6441f453,openfootball,Everton FC,SAME_ENTITY,HIGH,489a0b7d-f8e3-56a0-a3c1-8a9f6441f453,db:product_team_aliases;db:match_provider_mappings;providers=football_data_org+football_data_uk+openfootball,"Compatible alias, country, competition, and provider history evidence; normalized_aliases=1;nonempty_countries=1;min_common_competitions=1;shared_fixture_links=251;shared_season_pairs=3;providers_with_history=3."
team,4b7dc3f0-5a1f-53b0-b641-5ec2c3e46bad,api_football,1372,SAME_ENTITY,HIGH,4b7dc3f0-5a1f-53b0-b641-5ec2c3e46bad,db:product_team_aliases;db:match_provider_mappings;providers=api_football+football_data_uk,"Compatible alias, country, competition, and provider history evidence; normalized_aliases=1;nonempty_countries=1;min_common_competitions=1;shared_fixture_links=0;shared_season_pairs=1;providers_with_history=2."
team,4b7dc3f0-5a1f-53b0-b641-5ec2c3e46bad,football_data_uk,Cheltenham,SAME_ENTITY,HIGH,4b7dc3f0-5a1f-53b0-b641-5ec2c3e46bad,db:product_team_aliases;db:match_provider_mappings;providers=api_football+football_data_uk,"Compatible alias, country, competition, and provider history evidence; normalized_aliases=1;nonempty_countries=1;min_common_competitions=1;shared_fixture_links=0;shared_season_pairs=1;providers_with_history=2."
team,4bb94763-fc1f-59f2-8903-8eb5db80c9ec,football_data_org,73,SAME_ENTITY,HIGH,4bb94763-fc1f-59f2-8903-8eb5db80c9ec,db:product_team_aliases;db:match_provider_mappings;providers=football_data_org+openfootball,"Compatible alias, country, competition, and provider history evidence; normalized_aliases=1;nonempty_countries=1;min_common_competitions=1;shared_fixture_links=4;shared_season_pairs=1;providers_with_history=2."
team,4bb94763-fc1f-59f2-8903-8eb5db80c9ec,openfootball,Tottenham Hotspur,SAME_ENTITY,HIGH,4bb94763-fc1f-59f2-8903-8eb5db80c9ec,db:product_team_aliases;db:match_provider_mappings;providers=football_data_org+openfootball,"Compatible alias, country, competition, and provider history evidence; normalized_aliases=1;nonempty_countries=1;min_common_competitions=1;shared_fixture_links=4;shared_season_pairs=1;providers_with_history=2."
team,4bb94763-fc1f-59f2-8903-8eb5db80c9ec,openfootball,Tottenham Hotspur FC,SAME_ENTITY,HIGH,4bb94763-fc1f-59f2-8903-8eb5db80c9ec,db:product_team_aliases;db:match_provider_mappings;providers=football_data_org+openfootball,"Compatible alias, country, competition, and provider history evidence; normalized_aliases=1;nonempty_countries=1;min_common_competitions=1;shared_fixture_links=4;shared_season_pairs=1;providers_with_history=2."
team,4c28db00-82b7-5f42-813b-a78287541234,football_data_uk,Hatayspor,SAME_ENTITY,HIGH,4c28db00-82b7-5f42-813b-a78287541234,db:product_team_aliases;db:match_provider_mappings;providers=football_data_uk+openfootball,"Compatible alias, country, competition, and provider history evidence; normalized_aliases=1;nonempty_countries=1;min_common_competitions=1;shared_fixture_links=34;shared_season_pairs=1;providers_with_history=2."
team,4c28db00-82b7-5f42-813b-a78287541234,openfootball,Hatayspor,SAME_ENTITY,HIGH,4c28db00-82b7-5f42-813b-a78287541234,db:product_team_aliases;db:match_provider_mappings;providers=football_data_uk+openfootball,"Compatible alias, country, competition, and provider history evidence; normalized_aliases=1;nonempty_countries=1;min_common_competitions=1;shared_fixture_links=34;shared_season_pairs=1;providers_with_history=2."
team,4d435834-87bb-53dc-adce-1b3ba935f7ee,api_football,1364,SAME_ENTITY,HIGH,4d435834-87bb-53dc-adce-1b3ba935f7ee,db:product_team_aliases;db:match_provider_mappings;providers=api_football+openfootball,"Compatible alias, country, competition, and provider history evidence; normalized_aliases=1;nonempty_countries=1;min_common_competitions=1;shared_fixture_links=0;shared_season_pairs=0;providers_with_history=2."
team,4d435834-87bb-53dc-adce-1b3ba935f7ee,openfootball,Exeter City,SAME_ENTITY,HIGH,4d435834-87bb-53dc-adce-1b3ba935f7ee,db:product_team_aliases;db:match_provider_mappings;providers=api_football+openfootball,"Compatible alias, country, competition, and provider history evidence; normalized_aliases=1;nonempty_countries=1;min_common_competitions=1;shared_fixture_links=0;shared_season_pairs=0;providers_with_history=2."
team,4dfbb711-1678-5819-a3b6-8e720682c5f9,football_data_uk,NAC Breda,SAME_ENTITY,HIGH,4dfbb711-1678-5819-a3b6-8e720682c5f9,db:product_team_aliases;db:match_provider_mappings;providers=football_data_uk+openfootball,"Compatible alias, country, competition, and provider history evidence; normalized_aliases=1;nonempty_countries=1;min_common_competitions=1;shared_fixture_links=47;shared_season_pairs=1;providers_with_history=2."
team,4dfbb711-1678-5819-a3b6-8e720682c5f9,openfootball,NAC Breda,SAME_ENTITY,HIGH,4dfbb711-1678-5819-a3b6-8e720682c5f9,db:product_team_aliases;db:match_provider_mappings;providers=football_data_uk+openfootball,"Compatible alias, country, competition, and provider history evidence; normalized_aliases=1;nonempty_countries=1;min_common_competitions=1;shared_fixture_links=47;shared_season_pairs=1;providers_with_history=2."
team,4f67ba0f-7772-5b4b-9d85-ede8062c411d,football_data_uk,Burnley,SAME_ENTITY,HIGH,4f67ba0f-7772-5b4b-9d85-ede8062c411d,db:product_team_aliases;db:match_provider_mappings;providers=football_data_uk+openfootball,"Compatible alias, country, competition, and provider history evidence; normalized_aliases=1;nonempty_countries=1;min_common_competitions=2;shared_fixture_links=241;shared_season_pairs=1;providers_with_history=2."
team,4f67ba0f-7772-5b4b-9d85-ede8062c411d,openfootball,Burnley FC,SAME_ENTITY,HIGH,4f67ba0f-7772-5b4b-9d85-ede8062c411d,db:product_team_aliases;db:match_provider_mappings;providers=football_data_uk+openfootball,"Compatible alias, country, competition, and provider history evidence; normalized_aliases=1;nonempty_countries=1;min_common_competitions=2;shared_fixture_links=241;shared_season_pairs=1;providers_with_history=2."
team,4fff5adb-e7fd-579c-9181-ad55a2ddfb54,football_data_uk,Palermo,SAME_ENTITY,HIGH,4fff5adb-e7fd-579c-9181-ad55a2ddfb54,db:product_team_aliases;db:match_provider_mappings;providers=football_data_uk+openfootball,"Compatible alias, country, competition, and provider history evidence; normalized_aliases=1;nonempty_countries=1;min_common_competitions=1;shared_fixture_links=16;shared_season_pairs=1;providers_with_history=2."
team,4fff5adb-e7fd-579c-9181-ad55a2ddfb54,openfootball,Palermo FC,SAME_ENTITY,HIGH,4fff5adb-e7fd-579c-9181-ad55a2ddfb54,db:product_team_aliases;db:match_provider_mappings;providers=football_data_uk+openfootball,"Compatible alias, country, competition, and provider history evidence; normalized_aliases=1;nonempty_countries=1;min_common_competitions=1;shared_fixture_links=16;shared_season_pairs=1;providers_with_history=2."
team,500f3fee-f1f9-5745-b0e2-2936b952dad9,football_data_uk,VVV Venlo,SAME_ENTITY,HIGH,500f3fee-f1f9-5745-b0e2-2936b952dad9,db:product_team_aliases;db:match_provider_mappings;providers=football_data_uk+openfootball,"Compatible alias, country, competition, and provider history evidence; normalized_aliases=1;nonempty_countries=1;min_common_competitions=1;shared_fixture_links=64;shared_season_pairs=1;providers_with_history=2."
team,500f3fee-f1f9-5745-b0e2-2936b952dad9,openfootball,VVV-Venlo,SAME_ENTITY,HIGH,500f3fee-f1f9-5745-b0e2-2936b952dad9,db:product_team_aliases;db:match_provider_mappings;providers=football_data_uk+openfootball,"Compatible alias, country, competition, and provider history evidence; normalized_aliases=1;nonempty_countries=1;min_common_competitions=1;shared_fixture_links=64;shared_season_pairs=1;providers_with_history=2."
team,5018a5b8-cbae-5c50-82fd-ba700e17203a,football_data_uk,Dundee United,SAME_ENTITY,HIGH,5018a5b8-cbae-5c50-82fd-ba700e17203a,db:product_team_aliases;db:match_provider_mappings;providers=football_data_uk+openfootball,"Compatible alias, country, competition, and provider history evidence; normalized_aliases=1;nonempty_countries=1;min_common_competitions=1;shared_fixture_links=63;shared_season_pairs=1;providers_with_history=2."
team,5018a5b8-cbae-5c50-82fd-ba700e17203a,openfootball,Dundee United,SAME_ENTITY,HIGH,5018a5b8-cbae-5c50-82fd-ba700e17203a,db:product_team_aliases;db:match_provider_mappings;providers=football_data_uk+openfootball,"Compatible alias, country, competition, and provider history evidence; normalized_aliases=1;nonempty_countries=1;min_common_competitions=1;shared_fixture_links=63;shared_season_pairs=1;providers_with_history=2."
team,50781f0e-f73a-561c-9c3a-40179364d540,api_football,61,SAME_ENTITY,HIGH,50781f0e-f73a-561c-9c3a-40179364d540,db:product_team_aliases;db:match_provider_mappings;providers=api_football+football_data_uk,"Compatible alias, country, competition, and provider history evidence; normalized_aliases=1;nonempty_countries=1;min_common_competitions=1;shared_fixture_links=0;shared_season_pairs=1;providers_with_history=2."
team,50781f0e-f73a-561c-9c3a-40179364d540,football_data_uk,Wigan,SAME_ENTITY,HIGH,50781f0e-f73a-561c-9c3a-40179364d540,db:product_team_aliases;db:match_provider_mappings;providers=api_football+football_data_uk,"Compatible alias, country, competition, and provider history evidence; normalized_aliases=1;nonempty_countries=1;min_common_competitions=1;shared_fixture_links=0;shared_season_pairs=1;providers_with_history=2."
team,50da1011-94e9-59c9-97e0-e782f2adfaf4,football_data_uk,Akhisar Belediyespor,SAME_ENTITY,HIGH,50da1011-94e9-59c9-97e0-e782f2adfaf4,db:product_team_aliases;db:match_provider_mappings;providers=football_data_uk+openfootball,"Compatible alias, country, competition, and provider history evidence; normalized_aliases=1;nonempty_countries=1;min_common_competitions=1;shared_fixture_links=16;shared_season_pairs=1;providers_with_history=2."
team,50da1011-94e9-59c9-97e0-e782f2adfaf4,openfootball,Akhisar Belediyespor,SAME_ENTITY,HIGH,50da1011-94e9-59c9-97e0-e782f2adfaf4,db:product_team_aliases;db:match_provider_mappings;providers=football_data_uk+openfootball,"Compatible alias, country, competition, and provider history evidence; normalized_aliases=1;nonempty_countries=1;min_common_competitions=1;shared_fixture_links=16;shared_season_pairs=1;providers_with_history=2."
team,517f24d9-1393-5c2c-9bf8-94b12848c760,football_data_uk,Trabzonspor,SAME_ENTITY,HIGH,517f24d9-1393-5c2c-9bf8-94b12848c760,db:product_team_aliases;db:match_provider_mappings;providers=football_data_uk+openfootball,"Compatible alias, country, competition, and provider history evidence; normalized_aliases=1;nonempty_countries=1;min_common_competitions=1;shared_fixture_links=70;shared_season_pairs=1;providers_with_history=2."
team,517f24d9-1393-5c2c-9bf8-94b12848c760,openfootball,Trabzonspor,SAME_ENTITY,HIGH,517f24d9-1393-5c2c-9bf8-94b12848c760,db:product_team_aliases;db:match_provider_mappings;providers=football_data_uk+openfootball,"Compatible alias, country, competition, and provider history evidence; normalized_aliases=1;nonempty_countries=1;min_common_competitions=1;shared_fixture_links=70;shared_season_pairs=1;providers_with_history=2."
team,51ac91ee-1fa3-5293-bfe2-21e8d3786742,football_data_uk,Motherwell,SAME_ENTITY,HIGH,51ac91ee-1fa3-5293-bfe2-21e8d3786742,db:product_team_aliases;db:match_provider_mappings;providers=football_data_uk+openfootball,"Compatible alias, country, competition, and provider history evidence; normalized_aliases=1;nonempty_countries=1;min_common_competitions=1;shared_fixture_links=102;shared_season_pairs=1;providers_with_history=2."
team,51ac91ee-1fa3-5293-bfe2-21e8d3786742,openfootball,Motherwell FC,SAME_ENTITY,HIGH,51ac91ee-1fa3-5293-bfe2-21e8d3786742,db:product_team_aliases;db:match_provider_mappings;providers=football_data_uk+openfootball,"Compatible alias, country, competition, and provider history evidence; normalized_aliases=1;nonempty_countries=1;min_common_competitions=1;shared_fixture_links=102;shared_season_pairs=1;providers_with_history=2."
team,54011d9f-71d1-5d2f-a58e-f725c4be1ec0,football_data_uk,Empoli,SAME_ENTITY,HIGH,54011d9f-71d1-5d2f-a58e-f725c4be1ec0,db:product_team_aliases;db:match_provider_mappings;providers=football_data_uk+openfootball,"Compatible alias, country, competition, and provider history evidence; normalized_aliases=1;nonempty_countries=1;min_common_competitions=2;shared_fixture_links=91;shared_season_pairs=1;providers_with_history=2."
team,54011d9f-71d1-5d2f-a58e-f725c4be1ec0,openfootball,Empoli FC,SAME_ENTITY,HIGH,54011d9f-71d1-5d2f-a58e-f725c4be1ec0,db:product_team_aliases;db:match_provider_mappings;providers=football_data_uk+openfootball,"Compatible alias, country, competition, and provider history evidence; normalized_aliases=1;nonempty_countries=1;min_common_competitions=2;shared_fixture_links=91;shared_season_pairs=1;providers_with_history=2."
team,55500914-3a2c-5e02-b7ab-b38da8837ba2,football_data_uk,Carpi,SAME_ENTITY,HIGH,55500914-3a2c-5e02-b7ab-b38da8837ba2,db:product_team_aliases;db:match_provider_mappings;providers=football_data_uk+openfootball,"Compatible alias, country, competition, and provider history evidence; normalized_aliases=1;nonempty_countries=1;min_common_competitions=2;shared_fixture_links=50;shared_season_pairs=1;providers_with_history=2."
team,55500914-3a2c-5e02-b7ab-b38da8837ba2,openfootball,Carpi FC,SAME_ENTITY,HIGH,55500914-3a2c-5e02-b7ab-b38da8837ba2,db:product_team_aliases;db:match_provider_mappings;providers=football_data_uk+openfootball,"Compatible alias, country, competition, and provider history evidence; normalized_aliases=1;nonempty_countries=1;min_common_competitions=2;shared_fixture_links=50;shared_season_pairs=1;providers_with_history=2."
team,5706c313-010c-5bd4-885c-7a35e7f6e4cf,football_data_uk,Moreirense,SAME_ENTITY,HIGH,5706c313-010c-5bd4-885c-7a35e7f6e4cf,db:product_team_aliases;db:match_provider_mappings;providers=football_data_uk+openfootball,"Compatible alias, country, competition, and provider history evidence; normalized_aliases=1;nonempty_countries=1;min_common_competitions=1;shared_fixture_links=86;shared_season_pairs=1;providers_with_history=2."
team,5706c313-010c-5bd4-885c-7a35e7f6e4cf,openfootball,Moreirense FC,SAME_ENTITY,HIGH,5706c313-010c-5bd4-885c-7a35e7f6e4cf,db:product_team_aliases;db:match_provider_mappings;providers=football_data_uk+openfootball,"Compatible alias, country, competition, and provider history evidence; normalized_aliases=1;nonempty_countries=1;min_common_competitions=1;shared_fixture_links=86;shared_season_pairs=1;providers_with_history=2."
team,58207352-8e78-50df-bc11-488b7c56cf20,football_data_org,76,SAME_ENTITY,HIGH,58207352-8e78-50df-bc11-488b7c56cf20,db:product_team_aliases;db:match_provider_mappings;providers=football_data_org+openfootball,"Compatible alias, country, competition, and provider history evidence; normalized_aliases=1;nonempty_countries=1;min_common_competitions=1;shared_fixture_links=4;shared_season_pairs=1;providers_with_history=2."
team,58207352-8e78-50df-bc11-488b7c56cf20,openfootball,Wolverhampton Wanderers,SAME_ENTITY,HIGH,58207352-8e78-50df-bc11-488b7c56cf20,db:product_team_aliases;db:match_provider_mappings;providers=football_data_org+openfootball,"Compatible alias, country, competition, and provider history evidence; normalized_aliases=1;nonempty_countries=1;min_common_competitions=1;shared_fixture_links=4;shared_season_pairs=1;providers_with_history=2."
team,58207352-8e78-50df-bc11-488b7c56cf20,openfootball,Wolverhampton Wanderers FC,SAME_ENTITY,HIGH,58207352-8e78-50df-bc11-488b7c56cf20,db:product_team_aliases;db:match_provider_mappings;providers=football_data_org+openfootball,"Compatible alias, country, competition, and provider history evidence; normalized_aliases=1;nonempty_countries=1;min_common_competitions=1;shared_fixture_links=4;shared_season_pairs=1;providers_with_history=2."
team,58947d57-6d28-5cb4-8b61-6ee601892f71,football_data_uk,Pro Vercelli,SAME_ENTITY,HIGH,58947d57-6d28-5cb4-8b61-6ee601892f71,db:product_team_aliases;db:match_provider_mappings;providers=football_data_uk+openfootball,"Compatible alias, country, competition, and provider history evidence; normalized_aliases=1;nonempty_countries=1;min_common_competitions=1;shared_fixture_links=32;shared_season_pairs=1;providers_with_history=2."
team,58947d57-6d28-5cb4-8b61-6ee601892f71,openfootball,Pro Vercelli,SAME_ENTITY,HIGH,58947d57-6d28-5cb4-8b61-6ee601892f71,db:product_team_aliases;db:match_provider_mappings;providers=football_data_uk+openfootball,"Compatible alias, country, competition, and provider history evidence; normalized_aliases=1;nonempty_countries=1;min_common_competitions=1;shared_fixture_links=32;shared_season_pairs=1;providers_with_history=2."
team,591a9d4c-bb01-51ae-bc4e-e60389489117,api_football,1351,SAME_ENTITY,HIGH,591a9d4c-bb01-51ae-bc4e-e60389489117,db:product_team_aliases;db:match_provider_mappings;providers=api_football+football_data_uk+openfootball,"Compatible alias, country, competition, and provider history evidence; normalized_aliases=1;nonempty_countries=1;min_common_competitions=1;shared_fixture_links=85;shared_season_pairs=2;providers_with_history=3."
team,591a9d4c-bb01-51ae-bc4e-e60389489117,football_data_uk,Port Vale,SAME_ENTITY,HIGH,591a9d4c-bb01-51ae-bc4e-e60389489117,db:product_team_aliases;db:match_provider_mappings;providers=api_football+football_data_uk+openfootball,"Compatible alias, country, competition, and provider history evidence; normalized_aliases=1;nonempty_countries=1;min_common_competitions=1;shared_fixture_links=85;shared_season_pairs=2;providers_with_history=3."
team,591a9d4c-bb01-51ae-bc4e-e60389489117,openfootball,Port Vale FC,SAME_ENTITY,HIGH,591a9d4c-bb01-51ae-bc4e-e60389489117,db:product_team_aliases;db:match_provider_mappings;providers=api_football+football_data_uk+openfootball,"Compatible alias, country, competition, and provider history evidence; normalized_aliases=1;nonempty_countries=1;min_common_competitions=1;shared_fixture_links=85;shared_season_pairs=2;providers_with_history=3."
team,5941e947-6410-537b-87c4-7618d59e0701,football_data_uk,Juve Stabia,SAME_ENTITY,HIGH,5941e947-6410-537b-87c4-7618d59e0701,db:product_team_aliases;db:match_provider_mappings;providers=football_data_uk+openfootball,"Compatible alias, country, competition, and provider history evidence; normalized_aliases=1;nonempty_countries=1;min_common_competitions=1;shared_fixture_links=34;shared_season_pairs=1;providers_with_history=2."
team,5941e947-6410-537b-87c4-7618d59e0701,openfootball,Juve Stabia,SAME_ENTITY,HIGH,5941e947-6410-537b-87c4-7618d59e0701,db:product_team_aliases;db:match_provider_mappings;providers=football_data_uk+openfootball,"Compatible alias, country, competition, and provider history evidence; normalized_aliases=1;nonempty_countries=1;min_common_competitions=1;shared_fixture_links=34;shared_season_pairs=1;providers_with_history=2."
team,5b5bbeb7-b78c-5ae5-9318-720991c92a29,football_data_uk,St Mirren,SAME_ENTITY,HIGH,5b5bbeb7-b78c-5ae5-9318-720991c92a29,db:product_team_aliases;db:match_provider_mappings;providers=football_data_uk+openfootball,"Compatible alias, country, competition, and provider history evidence; normalized_aliases=1;nonempty_countries=1;min_common_competitions=1;shared_fixture_links=106;shared_season_pairs=1;providers_with_history=2."
team,5b5bbeb7-b78c-5ae5-9318-720991c92a29,openfootball,St. Mirren FC,SAME_ENTITY,HIGH,5b5bbeb7-b78c-5ae5-9318-720991c92a29,db:product_team_aliases;db:match_provider_mappings;providers=football_data_uk+openfootball,"Compatible alias, country, competition, and provider history evidence; normalized_aliases=1;nonempty_countries=1;min_common_competitions=1;shared_fixture_links=106;shared_season_pairs=1;providers_with_history=2."
team,5ceab73c-e97b-5903-b296-ebfdab2f8453,football_data_uk,Kayserispor,SAME_ENTITY,HIGH,5ceab73c-e97b-5903-b296-ebfdab2f8453,db:product_team_aliases;db:match_provider_mappings;providers=football_data_uk+openfootball,"Compatible alias, country, competition, and provider history evidence; normalized_aliases=1;nonempty_countries=1;min_common_competitions=1;shared_fixture_links=70;shared_season_pairs=1;providers_with_history=2."
team,5ceab73c-e97b-5903-b296-ebfdab2f8453,openfootball,Kayserispor,SAME_ENTITY,HIGH,5ceab73c-e97b-5903-b296-ebfdab2f8453,db:product_team_aliases;db:match_provider_mappings;providers=football_data_uk+openfootball,"Compatible alias, country, competition, and provider history evidence; normalized_aliases=1;nonempty_countries=1;min_common_competitions=1;shared_fixture_links=70;shared_season_pairs=1;providers_with_history=2."
team,5d90e0cf-65cf-5e37-91d1-bdea187ebb1e,api_football,1339,SAME_ENTITY,HIGH,5d90e0cf-65cf-5e37-91d1-bdea187ebb1e,db:product_team_aliases;db:match_provider_mappings;providers=api_football+football_data_uk+openfootball,"Compatible alias, country, competition, and provider history evidence; normalized_aliases=1;nonempty_countries=1;min_common_competitions=1;shared_fixture_links=96;shared_season_pairs=2;providers_with_history=3."
team,5d90e0cf-65cf-5e37-91d1-bdea187ebb1e,football_data_uk,Rochdale,SAME_ENTITY,HIGH,5d90e0cf-65cf-5e37-91d1-bdea187ebb1e,db:product_team_aliases;db:match_provider_mappings;providers=api_football+football_data_uk+openfootball,"Compatible alias, country, competition, and provider history evidence; normalized_aliases=1;nonempty_countries=1;min_common_competitions=1;shared_fixture_links=96;shared_season_pairs=2;providers_with_history=3."
team,5d90e0cf-65cf-5e37-91d1-bdea187ebb1e,openfootball,Rochdale AFC,SAME_ENTITY,HIGH,5d90e0cf-65cf-5e37-91d1-bdea187ebb1e,db:product_team_aliases;db:match_provider_mappings;providers=api_football+football_data_uk+openfootball,"Compatible alias, country, competition, and provider history evidence; normalized_aliases=1;nonempty_countries=1;min_common_competitions=1;shared_fixture_links=96;shared_season_pairs=2;providers_with_history=3."
team,5e6dd91a-95af-5010-aae7-5cf3912ed280,football_data_uk,Vizela,SAME_ENTITY,HIGH,5e6dd91a-95af-5010-aae7-5cf3912ed280,db:product_team_aliases;db:match_provider_mappings;providers=football_data_uk+openfootball,"Compatible alias, country, competition, and provider history evidence; normalized_aliases=1;nonempty_countries=1;min_common_competitions=1;shared_fixture_links=40;shared_season_pairs=1;providers_with_history=2."
team,5e6dd91a-95af-5010-aae7-5cf3912ed280,openfootball,FC Vizela,SAME_ENTITY,HIGH,5e6dd91a-95af-5010-aae7-5cf3912ed280,db:product_team_aliases;db:match_provider_mappings;providers=football_data_uk+openfootball,"Compatible alias, country, competition, and provider history evidence; normalized_aliases=1;nonempty_countries=1;min_common_competitions=1;shared_fixture_links=40;shared_season_pairs=1;providers_with_history=2."
team,5e9fea99-aa6c-57f0-9b74-1d8c9099a9fc,api_football,7690,SAME_ENTITY,HIGH,5e9fea99-aa6c-57f0-9b74-1d8c9099a9fc,db:product_team_aliases;db:match_provider_mappings;providers=api_football+football_data_uk,"Compatible alias, country, competition, and provider history evidence; normalized_aliases=1;nonempty_countries=1;min_common_competitions=1;shared_fixture_links=0;shared_season_pairs=1;providers_with_history=2."
team,5e9fea99-aa6c-57f0-9b74-1d8c9099a9fc,football_data_uk,Hornchurch,SAME_ENTITY,HIGH,5e9fea99-aa6c-57f0-9b74-1d8c9099a9fc,db:product_team_aliases;db:match_provider_mappings;providers=api_football+football_data_uk,"Compatible alias, country, competition, and provider history evidence; normalized_aliases=1;nonempty_countries=1;min_common_competitions=1;shared_fixture_links=0;shared_season_pairs=1;providers_with_history=2."
team,62da0869-8095-5d29-a8ee-78096f87ca69,api_football,794,SAME_ENTITY,HIGH,62da0869-8095-5d29-a8ee-78096f87ca69,db:product_team_aliases;db:match_provider_mappings;providers=api_football+football_data_org,"Compatible alias, country, competition, and provider history evidence; normalized_aliases=1;nonempty_countries=1;min_common_competitions=1;shared_fixture_links=0;shared_season_pairs=1;providers_with_history=2."
team,62da0869-8095-5d29-a8ee-78096f87ca69,football_data_org,4286,SAME_ENTITY,HIGH,62da0869-8095-5d29-a8ee-78096f87ca69,db:product_team_aliases;db:match_provider_mappings;providers=api_football+football_data_org,"Compatible alias, country, competition, and provider history evidence; normalized_aliases=1;nonempty_countries=1;min_common_competitions=1;shared_fixture_links=0;shared_season_pairs=1;providers_with_history=2."
team,630c22a8-6896-5862-872b-486238ee94b9,football_data_uk,Parma,SAME_ENTITY,HIGH,630c22a8-6896-5862-872b-486238ee94b9,db:product_team_aliases;db:match_provider_mappings;providers=football_data_uk+openfootball,"Compatible alias, country, competition, and provider history evidence; normalized_aliases=1;nonempty_countries=1;min_common_competitions=1;shared_fixture_links=20;shared_season_pairs=1;providers_with_history=2."
team,630c22a8-6896-5862-872b-486238ee94b9,openfootball,Parma FC,SAME_ENTITY,HIGH,630c22a8-6896-5862-872b-486238ee94b9,db:product_team_aliases;db:match_provider_mappings;providers=football_data_uk+openfootball,"Compatible alias, country, competition, and provider history evidence; normalized_aliases=1;nonempty_countries=1;min_common_competitions=1;shared_fixture_links=20;shared_season_pairs=1;providers_with_history=2."
team,63961a7a-8867-563e-b6b2-90f5e13cef0b,api_football,8663,SAME_ENTITY,HIGH,63961a7a-8867-563e-b6b2-90f5e13cef0b,db:product_team_aliases;db:match_provider_mappings;providers=api_football+football_data_uk,"Compatible alias, country, competition, and provider history evidence; normalized_aliases=1;nonempty_countries=1;min_common_competitions=1;shared_fixture_links=0;shared_season_pairs=1;providers_with_history=2."
team,63961a7a-8867-563e-b6b2-90f5e13cef0b,football_data_uk,Wealdstone,SAME_ENTITY,HIGH,63961a7a-8867-563e-b6b2-90f5e13cef0b,db:product_team_aliases;db:match_provider_mappings;providers=api_football+football_data_uk,"Compatible alias, country, competition, and provider history evidence; normalized_aliases=1;nonempty_countries=1;min_common_competitions=1;shared_fixture_links=0;shared_season_pairs=1;providers_with_history=2."
team,6634c70d-a106-5702-aaa4-f54fb817196f,football_data_uk,Sampdoria,SAME_ENTITY,HIGH,6634c70d-a106-5702-aaa4-f54fb817196f,db:product_team_aliases;db:match_provider_mappings;providers=football_data_uk+openfootball,"Compatible alias, country, competition, and provider history evidence; normalized_aliases=1;nonempty_countries=1;min_common_competitions=2;shared_fixture_links=89;shared_season_pairs=1;providers_with_history=2."
team,6634c70d-a106-5702-aaa4-f54fb817196f,openfootball,Sampdoria,SAME_ENTITY,HIGH,6634c70d-a106-5702-aaa4-f54fb817196f,db:product_team_aliases;db:match_provider_mappings;providers=football_data_uk+openfootball,"Compatible alias, country, competition, and provider history evidence; normalized_aliases=1;nonempty_countries=1;min_common_competitions=2;shared_fixture_links=89;shared_season_pairs=1;providers_with_history=2."
team,665fcbb8-75f3-52c5-af05-417128b86be1,api_football,73,SAME_ENTITY,HIGH,665fcbb8-75f3-52c5-af05-417128b86be1,db:product_team_aliases;db:match_provider_mappings;providers=api_football+football_data_uk,"Compatible alias, country, competition, and provider history evidence; normalized_aliases=1;nonempty_countries=1;min_common_competitions=1;shared_fixture_links=0;shared_season_pairs=1;providers_with_history=2."
team,665fcbb8-75f3-52c5-af05-417128b86be1,football_data_uk,Rotherham,SAME_ENTITY,HIGH,665fcbb8-75f3-52c5-af05-417128b86be1,db:product_team_aliases;db:match_provider_mappings;providers=api_football+football_data_uk,"Compatible alias, country, competition, and provider history evidence; normalized_aliases=1;nonempty_countries=1;min_common_competitions=1;shared_fixture_links=0;shared_season_pairs=1;providers_with_history=2."
team,69ddee1d-f5e0-5d72-9cb6-8cda9ca703c9,football_data_uk,Toulouse,SAME_ENTITY,HIGH,69ddee1d-f5e0-5d72-9cb6-8cda9ca703c9,db:product_team_aliases;db:match_provider_mappings;providers=football_data_uk+openfootball,"Compatible alias, country, competition, and provider history evidence; normalized_aliases=1;nonempty_countries=1;min_common_competitions=2;shared_fixture_links=68;shared_season_pairs=1;providers_with_history=2."
team,69ddee1d-f5e0-5d72-9cb6-8cda9ca703c9,openfootball,Toulouse FC,SAME_ENTITY,HIGH,69ddee1d-f5e0-5d72-9cb6-8cda9ca703c9,db:product_team_aliases;db:match_provider_mappings;providers=football_data_uk+openfootball,"Compatible alias, country, competition, and provider history evidence; normalized_aliases=1;nonempty_countries=1;min_common_competitions=2;shared_fixture_links=68;shared_season_pairs=1;providers_with_history=2."
team,6c6db76d-4ab4-5356-842a-e803e9de52ac,football_data_org,57,SAME_ENTITY,HIGH,6c6db76d-4ab4-5356-842a-e803e9de52ac,db:product_team_aliases;db:match_provider_mappings;providers=football_data_org+football_data_uk+openfootball,"Compatible alias, country, competition, and provider history evidence; normalized_aliases=1;nonempty_countries=1;min_common_competitions=1;shared_fixture_links=255;shared_season_pairs=3;providers_with_history=3."
team,6c6db76d-4ab4-5356-842a-e803e9de52ac,football_data_uk,Arsenal,SAME_ENTITY,HIGH,6c6db76d-4ab4-5356-842a-e803e9de52ac,db:product_team_aliases;db:match_provider_mappings;providers=football_data_org+football_data_uk+openfootball,"Compatible alias, country, competition, and provider history evidence; normalized_aliases=1;nonempty_countries=1;min_common_competitions=1;shared_fixture_links=255;shared_season_pairs=3;providers_with_history=3."
team,6c6db76d-4ab4-5356-842a-e803e9de52ac,openfootball,Arsenal FC,SAME_ENTITY,HIGH,6c6db76d-4ab4-5356-842a-e803e9de52ac,db:product_team_aliases;db:match_provider_mappings;providers=football_data_org+football_data_uk+openfootball,"Compatible alias, country, competition, and provider history evidence; normalized_aliases=1;nonempty_countries=1;min_common_competitions=1;shared_fixture_links=255;shared_season_pairs=3;providers_with_history=3."
team,6d9cf3ae-3416-56cd-9852-c2d6c0806a27,football_data_uk,Rangers,SAME_ENTITY,HIGH,6d9cf3ae-3416-56cd-9852-c2d6c0806a27,db:product_team_aliases;db:match_provider_mappings;providers=football_data_uk+openfootball,"Compatible alias, country, competition, and provider history evidence; normalized_aliases=1;nonempty_countries=1;min_common_competitions=1;shared_fixture_links=103;shared_season_pairs=1;providers_with_history=2."
team,6d9cf3ae-3416-56cd-9852-c2d6c0806a27,openfootball,Rangers FC,SAME_ENTITY,HIGH,6d9cf3ae-3416-56cd-9852-c2d6c0806a27,db:product_team_aliases;db:match_provider_mappings;providers=football_data_uk+openfootball,"Compatible alias, country, competition, and provider history evidence; normalized_aliases=1;nonempty_countries=1;min_common_competitions=1;shared_fixture_links=103;shared_season_pairs=1;providers_with_history=2."
team,6ea6cc41-3483-5173-a612-03f50c9f3a09,api_football,1357,SAME_ENTITY,HIGH,6ea6cc41-3483-5173-a612-03f50c9f3a09,db:product_team_aliases;db:match_provider_mappings;providers=api_football+football_data_uk,"Compatible alias, country, competition, and provider history evidence; normalized_aliases=1;nonempty_countries=1;min_common_competitions=1;shared_fixture_links=0;shared_season_pairs=1;providers_with_history=2."
team,6ea6cc41-3483-5173-a612-03f50c9f3a09,football_data_uk,Plymouth,SAME_ENTITY,HIGH,6ea6cc41-3483-5173-a612-03f50c9f3a09,db:product_team_aliases;db:match_provider_mappings;providers=api_football+football_data_uk,"Compatible alias, country, competition, and provider history evidence; normalized_aliases=1;nonempty_countries=1;min_common_competitions=1;shared_fixture_links=0;shared_season_pairs=1;providers_with_history=2."
team,727c664a-986c-52c3-b544-e87c4def85c1,football_data_org,397,SAME_ENTITY,HIGH,727c664a-986c-52c3-b544-e87c4def85c1,db:product_team_aliases;db:match_provider_mappings;providers=football_data_org+openfootball,"Compatible alias, country, competition, and provider history evidence; normalized_aliases=1;nonempty_countries=1;min_common_competitions=1;shared_fixture_links=32;shared_season_pairs=1;providers_with_history=2."
team,727c664a-986c-52c3-b544-e87c4def85c1,openfootball,Brighton & Hove Albion,SAME_ENTITY,HIGH,727c664a-986c-52c3-b544-e87c4def85c1,db:product_team_aliases;db:match_provider_mappings;providers=football_data_org+openfootball,"Compatible alias, country, competition, and provider history evidence; normalized_aliases=1;nonempty_countries=1;min_common_competitions=1;shared_fixture_links=32;shared_season_pairs=1;providers_with_history=2."
team,727c664a-986c-52c3-b544-e87c4def85c1,openfootball,Brighton & Hove Albion FC,SAME_ENTITY,HIGH,727c664a-986c-52c3-b544-e87c4def85c1,db:product_team_aliases;db:match_provider_mappings;providers=football_data_org+openfootball,"Compatible alias, country, competition, and provider history evidence; normalized_aliases=1;nonempty_countries=1;min_common_competitions=1;shared_fixture_links=32;shared_season_pairs=1;providers_with_history=2."
team,743d3d45-61f7-56a1-bfe1-1c876dbcb5c1,football_data_uk,Sivasspor,SAME_ENTITY,HIGH,743d3d45-61f7-56a1-bfe1-1c876dbcb5c1,db:product_team_aliases;db:match_provider_mappings;providers=football_data_uk+openfootball,"Compatible alias, country, competition, and provider history evidence; normalized_aliases=1;nonempty_countries=1;min_common_competitions=1;shared_fixture_links=65;shared_season_pairs=1;providers_with_history=2."
team,743d3d45-61f7-56a1-bfe1-1c876dbcb5c1,openfootball,Sivasspor,SAME_ENTITY,HIGH,743d3d45-61f7-56a1-bfe1-1c876dbcb5c1,db:product_team_aliases;db:match_provider_mappings;providers=football_data_uk+openfootball,"Compatible alias, country, competition, and provider history evidence; normalized_aliases=1;nonempty_countries=1;min_common_competitions=1;shared_fixture_links=65;shared_season_pairs=1;providers_with_history=2."
team,7728499f-798c-5d77-937a-c6b8a212a55e,football_data_uk,Southampton,SAME_ENTITY,HIGH,7728499f-798c-5d77-937a-c6b8a212a55e,db:product_team_aliases;db:match_provider_mappings;providers=football_data_uk+openfootball,"Compatible alias, country, competition, and provider history evidence; normalized_aliases=1;nonempty_countries=1;min_common_competitions=3;shared_fixture_links=243;shared_season_pairs=1;providers_with_history=2."
team,7728499f-798c-5d77-937a-c6b8a212a55e,openfootball,Southampton FC,SAME_ENTITY,HIGH,7728499f-798c-5d77-937a-c6b8a212a55e,db:product_team_aliases;db:match_provider_mappings;providers=football_data_uk+openfootball,"Compatible alias, country, competition, and provider history evidence; normalized_aliases=1;nonempty_countries=1;min_common_competitions=3;shared_fixture_links=243;shared_season_pairs=1;providers_with_history=2."
team,7878163a-ea9b-560f-9236-82fe131b0695,football_data_uk,Cesena,SAME_ENTITY,HIGH,7878163a-ea9b-560f-9236-82fe131b0695,db:product_team_aliases;db:match_provider_mappings;providers=football_data_uk+openfootball,"Compatible alias, country, competition, and provider history evidence; normalized_aliases=1;nonempty_countries=1;min_common_competitions=1;shared_fixture_links=16;shared_season_pairs=1;providers_with_history=2."
team,7878163a-ea9b-560f-9236-82fe131b0695,openfootball,Cesena FC,SAME_ENTITY,HIGH,7878163a-ea9b-560f-9236-82fe131b0695,db:product_team_aliases;db:match_provider_mappings;providers=football_data_uk+openfootball,"Compatible alias, country, competition, and provider history evidence; normalized_aliases=1;nonempty_countries=1;min_common_competitions=1;shared_fixture_links=16;shared_season_pairs=1;providers_with_history=2."
team,7a0e7bdd-e17f-5d2e-8ef7-e6ad113f87a8,api_football,1830,SAME_ENTITY,HIGH,7a0e7bdd-e17f-5d2e-8ef7-e6ad113f87a8,db:product_team_aliases;db:match_provider_mappings;providers=api_football+football_data_uk,"Compatible alias, country, competition, and provider history evidence; normalized_aliases=1;nonempty_countries=1;min_common_competitions=1;shared_fixture_links=0;shared_season_pairs=1;providers_with_history=2."
team,7a0e7bdd-e17f-5d2e-8ef7-e6ad113f87a8,football_data_uk,Boreham Wood,SAME_ENTITY,HIGH,7a0e7bdd-e17f-5d2e-8ef7-e6ad113f87a8,db:product_team_aliases;db:match_provider_mappings;providers=api_football+football_data_uk,"Compatible alias, country, competition, and provider history evidence; normalized_aliases=1;nonempty_countries=1;min_common_competitions=1;shared_fixture_links=0;shared_season_pairs=1;providers_with_history=2."
team,7d3a1818-66c5-5c07-af0e-4bd3a44b1b55,api_football,7752,SAME_ENTITY,HIGH,7d3a1818-66c5-5c07-af0e-4bd3a44b1b55,db:product_team_aliases;db:match_provider_mappings;providers=api_football+football_data_uk,"Compatible alias, country, competition, and provider history evidence; normalized_aliases=1;nonempty_countries=1;min_common_competitions=1;shared_fixture_links=0;shared_season_pairs=1;providers_with_history=2."
team,7d3a1818-66c5-5c07-af0e-4bd3a44b1b55,football_data_uk,Tamworth,SAME_ENTITY,HIGH,7d3a1818-66c5-5c07-af0e-4bd3a44b1b55,db:product_team_aliases;db:match_provider_mappings;providers=api_football+football_data_uk,"Compatible alias, country, competition, and provider history evidence; normalized_aliases=1;nonempty_countries=1;min_common_competitions=1;shared_fixture_links=0;shared_season_pairs=1;providers_with_history=2."
team,88178b19-16a7-51a7-9c31-da5d0f833680,football_data_uk,Valencia,SAME_ENTITY,HIGH,88178b19-16a7-51a7-9c31-da5d0f833680,db:product_team_aliases;db:match_provider_mappings;providers=football_data_uk+openfootball,"Compatible alias, country, competition, and provider history evidence; normalized_aliases=1;nonempty_countries=1;min_common_competitions=1;shared_fixture_links=83;shared_season_pairs=1;providers_with_history=2."
team,88178b19-16a7-51a7-9c31-da5d0f833680,openfootball,Valencia CF,SAME_ENTITY,HIGH,88178b19-16a7-51a7-9c31-da5d0f833680,db:product_team_aliases;db:match_provider_mappings;providers=football_data_uk+openfootball,"Compatible alias, country, competition, and provider history evidence; normalized_aliases=1;nonempty_countries=1;min_common_competitions=1;shared_fixture_links=83;shared_season_pairs=1;providers_with_history=2."
team,88f648e1-1a44-5cdb-a3cf-c5870f732de0,football_data_uk,Bastia,SAME_ENTITY,HIGH,88f648e1-1a44-5cdb-a3cf-c5870f732de0,db:product_team_aliases;db:match_provider_mappings;providers=football_data_uk+openfootball,"Compatible alias, country, competition, and provider history evidence; normalized_aliases=1;nonempty_countries=1;min_common_competitions=2;shared_fixture_links=40;shared_season_pairs=1;providers_with_history=2."
team,88f648e1-1a44-5cdb-a3cf-c5870f732de0,openfootball,SC Bastia,SAME_ENTITY,HIGH,88f648e1-1a44-5cdb-a3cf-c5870f732de0,db:product_team_aliases;db:match_provider_mappings;providers=football_data_uk+openfootball,"Compatible alias, country, competition, and provider history evidence; normalized_aliases=1;nonempty_countries=1;min_common_competitions=2;shared_fixture_links=40;shared_season_pairs=1;providers_with_history=2."
team,895e2173-307f-5f75-8bb0-0a3e70dd6e45,football_data_uk,Volendam,SAME_ENTITY,HIGH,895e2173-307f-5f75-8bb0-0a3e70dd6e45,db:product_team_aliases;db:match_provider_mappings;providers=football_data_uk+openfootball,"Compatible alias, country, competition, and provider history evidence; normalized_aliases=1;nonempty_countries=1;min_common_competitions=1;shared_fixture_links=52;shared_season_pairs=1;providers_with_history=2."
team,895e2173-307f-5f75-8bb0-0a3e70dd6e45,openfootball,FC Volendam,SAME_ENTITY,HIGH,895e2173-307f-5f75-8bb0-0a3e70dd6e45,db:product_team_aliases;db:match_provider_mappings;providers=football_data_uk+openfootball,"Compatible alias, country, competition, and provider history evidence; normalized_aliases=1;nonempty_countries=1;min_common_competitions=1;shared_fixture_links=52;shared_season_pairs=1;providers_with_history=2."
team,89a5a61f-796f-5bf3-841e-f43d29c3482a,football_data_uk,Kilmarnock,SAME_ENTITY,HIGH,89a5a61f-796f-5bf3-841e-f43d29c3482a,db:product_team_aliases;db:match_provider_mappings;providers=football_data_uk+openfootball,"Compatible alias, country, competition, and provider history evidence; normalized_aliases=1;nonempty_countries=1;min_common_competitions=1;shared_fixture_links=104;shared_season_pairs=1;providers_with_history=2."
team,89a5a61f-796f-5bf3-841e-f43d29c3482a,openfootball,Kilmarnock FC,SAME_ENTITY,HIGH,89a5a61f-796f-5bf3-841e-f43d29c3482a,db:product_team_aliases;db:match_provider_mappings;providers=football_data_uk+openfootball,"Compatible alias, country, competition, and provider history evidence; normalized_aliases=1;nonempty_countries=1;min_common_competitions=1;shared_fixture_links=104;shared_season_pairs=1;providers_with_history=2."
team,8b3d0878-7cab-5717-ac41-3a08e3318af1,api_football,128,SAME_ENTITY,HIGH,8b3d0878-7cab-5717-ac41-3a08e3318af1,db:product_team_aliases;db:match_provider_mappings;providers=api_football+football_data_org,"Compatible alias, country, competition, and provider history evidence; normalized_aliases=1;nonempty_countries=1;min_common_competitions=1;shared_fixture_links=0;shared_season_pairs=1;providers_with_history=2."
team,8b3d0878-7cab-5717-ac41-3a08e3318af1,football_data_org,6685,SAME_ENTITY,HIGH,8b3d0878-7cab-5717-ac41-3a08e3318af1,db:product_team_aliases;db:match_provider_mappings;providers=api_football+football_data_org,"Compatible alias, country, competition, and provider history evidence; normalized_aliases=1;nonempty_countries=1;min_common_competitions=1;shared_fixture_links=0;shared_season_pairs=1;providers_with_history=2."
team,8dbd0163-da82-5f87-969c-080927a5b335,api_football,8157,SAME_ENTITY,HIGH,8dbd0163-da82-5f87-969c-080927a5b335,db:product_team_aliases;db:match_provider_mappings;providers=api_football+football_data_uk,"Compatible alias, country, competition, and provider history evidence; normalized_aliases=1;nonempty_countries=1;min_common_competitions=1;shared_fixture_links=0;shared_season_pairs=1;providers_with_history=2."
team,8dbd0163-da82-5f87-969c-080927a5b335,football_data_uk,Andorra,SAME_ENTITY,HIGH,8dbd0163-da82-5f87-969c-080927a5b335,db:product_team_aliases;db:match_provider_mappings;providers=api_football+football_data_uk,"Compatible alias, country, competition, and provider history evidence; normalized_aliases=1;nonempty_countries=1;min_common_competitions=1;shared_fixture_links=0;shared_season_pairs=1;providers_with_history=2."
team,8e0d1544-d77c-532e-8a51-800ada2924b5,api_football,1381,SAME_ENTITY,HIGH,8e0d1544-d77c-532e-8a51-800ada2924b5,db:product_team_aliases;db:match_provider_mappings;providers=api_football+football_data_uk,"Compatible alias, country, competition, and provider history evidence; normalized_aliases=1;nonempty_countries=1;min_common_competitions=1;shared_fixture_links=0;shared_season_pairs=1;providers_with_history=2."
team,8e0d1544-d77c-532e-8a51-800ada2924b5,football_data_uk,Tranmere,SAME_ENTITY,HIGH,8e0d1544-d77c-532e-8a51-800ada2924b5,db:product_team_aliases;db:match_provider_mappings;providers=api_football+football_data_uk,"Compatible alias, country, competition, and provider history evidence; normalized_aliases=1;nonempty_countries=1;min_common_competitions=1;shared_fixture_links=0;shared_season_pairs=1;providers_with_history=2."
team,8f235a04-983d-5f35-aaac-fe28527b84b8,football_data_uk,Amiens,SAME_ENTITY,HIGH,8f235a04-983d-5f35-aaac-fe28527b84b8,db:product_team_aliases;db:match_provider_mappings;providers=football_data_uk+openfootball,"Compatible alias, country, competition, and provider history evidence; normalized_aliases=1;nonempty_countries=1;min_common_competitions=2;shared_fixture_links=53;shared_season_pairs=1;providers_with_history=2."
team,8f235a04-983d-5f35-aaac-fe28527b84b8,openfootball,Amiens SC,SAME_ENTITY,HIGH,8f235a04-983d-5f35-aaac-fe28527b84b8,db:product_team_aliases;db:match_provider_mappings;providers=football_data_uk+openfootball,"Compatible alias, country, competition, and provider history evidence; normalized_aliases=1;nonempty_countries=1;min_common_competitions=2;shared_fixture_links=53;shared_season_pairs=1;providers_with_history=2."
team,912a8934-7948-56a1-b4f0-706ba31454ef,api_football,1352,SAME_ENTITY,HIGH,912a8934-7948-56a1-b4f0-706ba31454ef,db:product_team_aliases;db:match_provider_mappings;providers=api_football+football_data_uk,"Compatible alias, country, competition, and provider history evidence; normalized_aliases=1;nonempty_countries=1;min_common_competitions=1;shared_fixture_links=0;shared_season_pairs=1;providers_with_history=2."
team,912a8934-7948-56a1-b4f0-706ba31454ef,football_data_uk,Shrewsbury,SAME_ENTITY,HIGH,912a8934-7948-56a1-b4f0-706ba31454ef,db:product_team_aliases;db:match_provider_mappings;providers=api_football+football_data_uk,"Compatible alias, country, competition, and provider history evidence; normalized_aliases=1;nonempty_countries=1;min_common_competitions=1;shared_fixture_links=0;shared_season_pairs=1;providers_with_history=2."
team,92a832b4-a2c4-54ed-a741-f844938ab865,api_football,1343,SAME_ENTITY,HIGH,92a832b4-a2c4-54ed-a741-f844938ab865,db:product_team_aliases;db:match_provider_mappings;providers=api_football+football_data_uk,"Compatible alias, country, competition, and provider history evidence; normalized_aliases=1;nonempty_countries=1;min_common_competitions=1;shared_fixture_links=0;shared_season_pairs=1;providers_with_history=2."
team,92a832b4-a2c4-54ed-a741-f844938ab865,football_data_uk,Bradford,SAME_ENTITY,HIGH,92a832b4-a2c4-54ed-a741-f844938ab865,db:product_team_aliases;db:match_provider_mappings;providers=api_football+football_data_uk,"Compatible alias, country, competition, and provider history evidence; normalized_aliases=1;nonempty_countries=1;min_common_competitions=1;shared_fixture_links=0;shared_season_pairs=1;providers_with_history=2."
team,96897116-9bca-5c87-b56c-7cbd712b840a,api_football,1836,SAME_ENTITY,HIGH,96897116-9bca-5c87-b56c-7cbd712b840a,db:product_team_aliases;db:match_provider_mappings;providers=api_football+football_data_uk,"Compatible alias, country, competition, and provider history evidence; normalized_aliases=1;nonempty_countries=1;min_common_competitions=1;shared_fixture_links=0;shared_season_pairs=1;providers_with_history=2."
team,96897116-9bca-5c87-b56c-7cbd712b840a,football_data_uk,Woking,SAME_ENTITY,HIGH,96897116-9bca-5c87-b56c-7cbd712b840a,db:product_team_aliases;db:match_provider_mappings;providers=api_football+football_data_uk,"Compatible alias, country, competition, and provider history evidence; normalized_aliases=1;nonempty_countries=1;min_common_competitions=1;shared_fixture_links=0;shared_season_pairs=1;providers_with_history=2."
team,970fc9e5-5e9e-577e-810c-b73d6ed219b2,football_data_uk,Alverca,SAME_ENTITY,HIGH,970fc9e5-5e9e-577e-810c-b73d6ed219b2,db:product_team_aliases;db:match_provider_mappings;providers=football_data_uk+openfootball,"Compatible alias, country, competition, and provider history evidence; normalized_aliases=1;nonempty_countries=1;min_common_competitions=1;shared_fixture_links=13;shared_season_pairs=1;providers_with_history=2."
team,970fc9e5-5e9e-577e-810c-b73d6ed219b2,openfootball,FC Alverca,SAME_ENTITY,HIGH,970fc9e5-5e9e-577e-810c-b73d6ed219b2,db:product_team_aliases;db:match_provider_mappings;providers=football_data_uk+openfootball,"Compatible alias, country, competition, and provider history evidence; normalized_aliases=1;nonempty_countries=1;min_common_competitions=1;shared_fixture_links=13;shared_season_pairs=1;providers_with_history=2."
team,9762381d-0f94-548c-bcca-e38dfaadee0a,football_data_org,65,SAME_ENTITY,HIGH,9762381d-0f94-548c-bcca-e38dfaadee0a,db:product_team_aliases;db:match_provider_mappings;providers=football_data_org+openfootball,"Compatible alias, country, competition, and provider history evidence; normalized_aliases=1;nonempty_countries=1;min_common_competitions=1;shared_fixture_links=5;shared_season_pairs=1;providers_with_history=2."
team,9762381d-0f94-548c-bcca-e38dfaadee0a,openfootball,Manchester City,SAME_ENTITY,HIGH,9762381d-0f94-548c-bcca-e38dfaadee0a,db:product_team_aliases;db:match_provider_mappings;providers=football_data_org+openfootball,"Compatible alias, country, competition, and provider history evidence; normalized_aliases=1;nonempty_countries=1;min_common_competitions=1;shared_fixture_links=5;shared_season_pairs=1;providers_with_history=2."
team,9762381d-0f94-548c-bcca-e38dfaadee0a,openfootball,Manchester City FC,SAME_ENTITY,HIGH,9762381d-0f94-548c-bcca-e38dfaadee0a,db:product_team_aliases;db:match_provider_mappings;providers=football_data_org+openfootball,"Compatible alias, country, competition, and provider history evidence; normalized_aliases=1;nonempty_countries=1;min_common_competitions=1;shared_fixture_links=5;shared_season_pairs=1;providers_with_history=2."
team,9995db57-1373-559f-a483-2b8afe65f062,football_data_uk,Pisa,SAME_ENTITY,HIGH,9995db57-1373-559f-a483-2b8afe65f062,db:product_team_aliases;db:match_provider_mappings;providers=football_data_uk+openfootball,"Compatible alias, country, competition, and provider history evidence; normalized_aliases=1;nonempty_countries=1;min_common_competitions=1;shared_fixture_links=10;shared_season_pairs=1;providers_with_history=2."
team,9995db57-1373-559f-a483-2b8afe65f062,openfootball,Pisa SC,SAME_ENTITY,HIGH,9995db57-1373-559f-a483-2b8afe65f062,db:product_team_aliases;db:match_provider_mappings;providers=football_data_uk+openfootball,"Compatible alias, country, competition, and provider history evidence; normalized_aliases=1;nonempty_countries=1;min_common_competitions=1;shared_fixture_links=10;shared_season_pairs=1;providers_with_history=2."
team,9b127189-66e6-5290-b67b-a46b3f83ed66,football_data_uk,Gil Vicente,SAME_ENTITY,HIGH,9b127189-66e6-5290-b67b-a46b3f83ed66,db:product_team_aliases;db:match_provider_mappings;providers=football_data_uk+openfootball,"Compatible alias, country, competition, and provider history evidence; normalized_aliases=1;nonempty_countries=1;min_common_competitions=1;shared_fixture_links=88;shared_season_pairs=1;providers_with_history=2."
team,9b127189-66e6-5290-b67b-a46b3f83ed66,openfootball,Gil Vicente,SAME_ENTITY,HIGH,9b127189-66e6-5290-b67b-a46b3f83ed66,db:product_team_aliases;db:match_provider_mappings;providers=football_data_uk+openfootball,"Compatible alias, country, competition, and provider history evidence; normalized_aliases=1;nonempty_countries=1;min_common_competitions=1;shared_fixture_links=88;shared_season_pairs=1;providers_with_history=2."
team,9b127189-66e6-5290-b67b-a46b3f83ed66,openfootball,Gil Vicente FC,SAME_ENTITY,HIGH,9b127189-66e6-5290-b67b-a46b3f83ed66,db:product_team_aliases;db:match_provider_mappings;providers=football_data_uk+openfootball,"Compatible alias, country, competition, and provider history evidence; normalized_aliases=1;nonempty_countries=1;min_common_competitions=1;shared_fixture_links=88;shared_season_pairs=1;providers_with_history=2."
team,9c4984e2-4846-5b97-8cab-8b5e7f76ca44,football_data_uk,Galatasaray,SAME_ENTITY,HIGH,9c4984e2-4846-5b97-8cab-8b5e7f76ca44,db:product_team_aliases;db:match_provider_mappings;providers=football_data_uk+openfootball,"Compatible alias, country, competition, and provider history evidence; normalized_aliases=1;nonempty_countries=1;min_common_competitions=1;shared_fixture_links=69;shared_season_pairs=1;providers_with_history=2."
team,9c4984e2-4846-5b97-8cab-8b5e7f76ca44,openfootball,Galatasaray,SAME_ENTITY,HIGH,9c4984e2-4846-5b97-8cab-8b5e7f76ca44,db:product_team_aliases;db:match_provider_mappings;providers=football_data_uk+openfootball,"Compatible alias, country, competition, and provider history evidence; normalized_aliases=1;nonempty_countries=1;min_common_competitions=1;shared_fixture_links=69;shared_season_pairs=1;providers_with_history=2."
team,9cc64a85-6fdd-54e9-9355-5d2403277cb3,football_data_org,563,SAME_ENTITY,HIGH,9cc64a85-6fdd-54e9-9355-5d2403277cb3,db:product_team_aliases;db:match_provider_mappings;providers=football_data_org+openfootball,"Compatible alias, country, competition, and provider history evidence; normalized_aliases=1;nonempty_countries=1;min_common_competitions=1;shared_fixture_links=3;shared_season_pairs=1;providers_with_history=2."
team,9cc64a85-6fdd-54e9-9355-5d2403277cb3,openfootball,West Ham United,SAME_ENTITY,HIGH,9cc64a85-6fdd-54e9-9355-5d2403277cb3,db:product_team_aliases;db:match_provider_mappings;providers=football_data_org+openfootball,"Compatible alias, country, competition, and provider history evidence; normalized_aliases=1;nonempty_countries=1;min_common_competitions=1;shared_fixture_links=3;shared_season_pairs=1;providers_with_history=2."
team,9cc64a85-6fdd-54e9-9355-5d2403277cb3,openfootball,West Ham United FC,SAME_ENTITY,HIGH,9cc64a85-6fdd-54e9-9355-5d2403277cb3,db:product_team_aliases;db:match_provider_mappings;providers=football_data_org+openfootball,"Compatible alias, country, competition, and provider history evidence; normalized_aliases=1;nonempty_countries=1;min_common_competitions=1;shared_fixture_links=3;shared_season_pairs=1;providers_with_history=2."
team,9d36e267-1a39-51d6-874b-4f84ee6f5918,football_data_uk,Samsunspor,SAME_ENTITY,HIGH,9d36e267-1a39-51d6-874b-4f84ee6f5918,db:product_team_aliases;db:match_provider_mappings;providers=football_data_uk+openfootball,"Compatible alias, country, competition, and provider history evidence; normalized_aliases=1;nonempty_countries=1;min_common_competitions=1;shared_fixture_links=20;shared_season_pairs=1;providers_with_history=2."
team,9d36e267-1a39-51d6-874b-4f84ee6f5918,openfootball,Samsunspor,SAME_ENTITY,HIGH,9d36e267-1a39-51d6-874b-4f84ee6f5918,db:product_team_aliases;db:match_provider_mappings;providers=football_data_uk+openfootball,"Compatible alias, country, competition, and provider history evidence; normalized_aliases=1;nonempty_countries=1;min_common_competitions=1;shared_fixture_links=20;shared_season_pairs=1;providers_with_history=2."
team,9e05404d-5d36-543a-a297-74372e484348,football_data_uk,Millwall,SAME_ENTITY,HIGH,9e05404d-5d36-543a-a297-74372e484348,db:product_team_aliases;db:match_provider_mappings;providers=football_data_uk+openfootball,"Compatible alias, country, competition, and provider history evidence; normalized_aliases=1;nonempty_countries=1;min_common_competitions=2;shared_fixture_links=186;shared_season_pairs=1;providers_with_history=2."
team,9e05404d-5d36-543a-a297-74372e484348,openfootball,Millwall FC,SAME_ENTITY,HIGH,9e05404d-5d36-543a-a297-74372e484348,db:product_team_aliases;db:match_provider_mappings;providers=football_data_uk+openfootball,"Compatible alias, country, competition, and provider history evidence; normalized_aliases=1;nonempty_countries=1;min_common_competitions=2;shared_fixture_links=186;shared_season_pairs=1;providers_with_history=2."
team,a0fd58b6-0462-5f2c-81ec-84de1793c792,football_data_uk,Chambly,SAME_ENTITY,HIGH,a0fd58b6-0462-5f2c-81ec-84de1793c792,db:product_team_aliases;db:match_provider_mappings;providers=football_data_uk+openfootball,"Compatible alias, country, competition, and provider history evidence; normalized_aliases=1;nonempty_countries=1;min_common_competitions=1;shared_fixture_links=20;shared_season_pairs=1;providers_with_history=2."
team,a0fd58b6-0462-5f2c-81ec-84de1793c792,openfootball,FC Chambly,SAME_ENTITY,HIGH,a0fd58b6-0462-5f2c-81ec-84de1793c792,db:product_team_aliases;db:match_provider_mappings;providers=football_data_uk+openfootball,"Compatible alias, country, competition, and provider history evidence; normalized_aliases=1;nonempty_countries=1;min_common_competitions=1;shared_fixture_links=20;shared_season_pairs=1;providers_with_history=2."
team,a17dbf7c-c206-5680-b157-914a85db9cc1,football_data_uk,Boavista,SAME_ENTITY,HIGH,a17dbf7c-c206-5680-b157-914a85db9cc1,db:product_team_aliases;db:match_provider_mappings;providers=football_data_uk+openfootball,"Compatible alias, country, competition, and provider history evidence; normalized_aliases=1;nonempty_countries=1;min_common_competitions=1;shared_fixture_links=84;shared_season_pairs=1;providers_with_history=2."
team,a17dbf7c-c206-5680-b157-914a85db9cc1,openfootball,Boavista,SAME_ENTITY,HIGH,a17dbf7c-c206-5680-b157-914a85db9cc1,db:product_team_aliases;db:match_provider_mappings;providers=football_data_uk+openfootball,"Compatible alias, country, competition, and provider history evidence; normalized_aliases=1;nonempty_countries=1;min_common_competitions=1;shared_fixture_links=84;shared_season_pairs=1;providers_with_history=2."
team,a17dbf7c-c206-5680-b157-914a85db9cc1,openfootball,Boavista FC,SAME_ENTITY,HIGH,a17dbf7c-c206-5680-b157-914a85db9cc1,db:product_team_aliases;db:match_provider_mappings;providers=football_data_uk+openfootball,"Compatible alias, country, competition, and provider history evidence; normalized_aliases=1;nonempty_countries=1;min_common_competitions=1;shared_fixture_links=84;shared_season_pairs=1;providers_with_history=2."
team,a3345aef-dec2-5a8a-a11d-dce546d096cc,football_data_uk,Ajax,SAME_ENTITY,HIGH,a3345aef-dec2-5a8a-a11d-dce546d096cc,db:product_team_aliases;db:match_provider_mappings;providers=football_data_uk+openfootball,"Compatible alias, country, competition, and provider history evidence; normalized_aliases=1;nonempty_countries=1;min_common_competitions=1;shared_fixture_links=152;shared_season_pairs=1;providers_with_history=2."
team,a3345aef-dec2-5a8a-a11d-dce546d096cc,openfootball,AFC Ajax,SAME_ENTITY,HIGH,a3345aef-dec2-5a8a-a11d-dce546d096cc,db:product_team_aliases;db:match_provider_mappings;providers=football_data_uk+openfootball,"Compatible alias, country, competition, and provider history evidence; normalized_aliases=1;nonempty_countries=1;min_common_competitions=1;shared_fixture_links=152;shared_season_pairs=1;providers_with_history=2."
team,a3e6ff4a-046e-5c07-a5a9-10a4c8ef7685,football_data_uk,Go Ahead Eagles,SAME_ENTITY,HIGH,a3e6ff4a-046e-5c07-a5a9-10a4c8ef7685,db:product_team_aliases;db:match_provider_mappings;providers=football_data_uk+openfootball,"Compatible alias, country, competition, and provider history evidence; normalized_aliases=1;nonempty_countries=1;min_common_competitions=1;shared_fixture_links=91;shared_season_pairs=1;providers_with_history=2."
team,a3e6ff4a-046e-5c07-a5a9-10a4c8ef7685,openfootball,Go Ahead Eagles,SAME_ENTITY,HIGH,a3e6ff4a-046e-5c07-a5a9-10a4c8ef7685,db:product_team_aliases;db:match_provider_mappings;providers=football_data_uk+openfootball,"Compatible alias, country, competition, and provider history evidence; normalized_aliases=1;nonempty_countries=1;min_common_competitions=1;shared_fixture_links=91;shared_season_pairs=1;providers_with_history=2."
team,a5f9e812-bda8-56f6-aed0-f08a1f759d4a,api_football,723,SAME_ENTITY,HIGH,a5f9e812-bda8-56f6-aed0-f08a1f759d4a,db:product_team_aliases;db:match_provider_mappings;providers=api_football+football_data_uk,"Compatible alias, country, competition, and provider history evidence; normalized_aliases=1;nonempty_countries=1;min_common_competitions=1;shared_fixture_links=0;shared_season_pairs=1;providers_with_history=2."
team,a5f9e812-bda8-56f6-aed0-f08a1f759d4a,football_data_uk,Almeria,SAME_ENTITY,HIGH,a5f9e812-bda8-56f6-aed0-f08a1f759d4a,db:product_team_aliases;db:match_provider_mappings;providers=api_football+football_data_uk,"Compatible alias, country, competition, and provider history evidence; normalized_aliases=1;nonempty_countries=1;min_common_competitions=1;shared_fixture_links=0;shared_season_pairs=1;providers_with_history=2."
team,a610a46f-2c88-5ce5-84b8-4e65f30da481,api_football,1340,SAME_ENTITY,HIGH,a610a46f-2c88-5ce5-84b8-4e65f30da481,db:product_team_aliases;db:match_provider_mappings;providers=api_football+football_data_uk,"Compatible alias, country, competition, and provider history evidence; normalized_aliases=1;nonempty_countries=1;min_common_competitions=1;shared_fixture_links=0;shared_season_pairs=1;providers_with_history=2."
team,a610a46f-2c88-5ce5-84b8-4e65f30da481,football_data_uk,Scunthorpe,SAME_ENTITY,HIGH,a610a46f-2c88-5ce5-84b8-4e65f30da481,db:product_team_aliases;db:match_provider_mappings;providers=api_football+football_data_uk,"Compatible alias, country, competition, and provider history evidence; normalized_aliases=1;nonempty_countries=1;min_common_competitions=1;shared_fixture_links=0;shared_season_pairs=1;providers_with_history=2."
team,a67fae96-a4a3-5257-8233-9efedfa38ce8,football_data_org,71,SAME_ENTITY,HIGH,a67fae96-a4a3-5257-8233-9efedfa38ce8,db:product_team_aliases;db:match_provider_mappings;providers=football_data_org+football_data_uk+openfootball,"Compatible alias, country, competition, and provider history evidence; normalized_aliases=1;nonempty_countries=1;min_common_competitions=1;shared_fixture_links=183;shared_season_pairs=3;providers_with_history=3."
team,a67fae96-a4a3-5257-8233-9efedfa38ce8,football_data_uk,Sunderland,SAME_ENTITY,HIGH,a67fae96-a4a3-5257-8233-9efedfa38ce8,db:product_team_aliases;db:match_provider_mappings;providers=football_data_org+football_data_uk+openfootball,"Compatible alias, country, competition, and provider history evidence; normalized_aliases=1;nonempty_countries=1;min_common_competitions=1;shared_fixture_links=183;shared_season_pairs=3;providers_with_history=3."
team,a67fae96-a4a3-5257-8233-9efedfa38ce8,openfootball,Sunderland AFC,SAME_ENTITY,HIGH,a67fae96-a4a3-5257-8233-9efedfa38ce8,db:product_team_aliases;db:match_provider_mappings;providers=football_data_org+football_data_uk+openfootball,"Compatible alias, country, competition, and provider history evidence; normalized_aliases=1;nonempty_countries=1;min_common_competitions=1;shared_fixture_links=183;shared_season_pairs=3;providers_with_history=3."
team,a750266f-5b5e-59ba-a9a3-3a6f16ea7cb0,football_data_uk,Inter,SAME_ENTITY,HIGH,a750266f-5b5e-59ba-a9a3-3a6f16ea7cb0,db:product_team_aliases;db:match_provider_mappings;providers=football_data_uk+openfootball,"Compatible alias, country, competition, and provider history evidence; normalized_aliases=1;nonempty_countries=1;min_common_competitions=1;shared_fixture_links=72;shared_season_pairs=1;providers_with_history=2."
team,a750266f-5b5e-59ba-a9a3-3a6f16ea7cb0,openfootball,Inter,SAME_ENTITY,HIGH,a750266f-5b5e-59ba-a9a3-3a6f16ea7cb0,db:product_team_aliases;db:match_provider_mappings;providers=football_data_uk+openfootball,"Compatible alias, country, competition, and provider history evidence; normalized_aliases=1;nonempty_countries=1;min_common_competitions=1;shared_fixture_links=72;shared_season_pairs=1;providers_with_history=2."
team,a8bb8309-567e-51ac-a817-28e7c8f968d7,football_data_org,66,SAME_ENTITY,HIGH,a8bb8309-567e-51ac-a817-28e7c8f968d7,db:product_team_aliases;db:match_provider_mappings;providers=football_data_org+openfootball,"Compatible alias, country, competition, and provider history evidence; normalized_aliases=1;nonempty_countries=1;min_common_competitions=1;shared_fixture_links=4;shared_season_pairs=1;providers_with_history=2."
team,a8bb8309-567e-51ac-a817-28e7c8f968d7,openfootball,Manchester United,SAME_ENTITY,HIGH,a8bb8309-567e-51ac-a817-28e7c8f968d7,db:product_team_aliases;db:match_provider_mappings;providers=football_data_org+openfootball,"Compatible alias, country, competition, and provider history evidence; normalized_aliases=1;nonempty_countries=1;min_common_competitions=1;shared_fixture_links=4;shared_season_pairs=1;providers_with_history=2."
team,a8bb8309-567e-51ac-a817-28e7c8f968d7,openfootball,Manchester United FC,SAME_ENTITY,HIGH,a8bb8309-567e-51ac-a817-28e7c8f968d7,db:product_team_aliases;db:match_provider_mappings;providers=football_data_org+openfootball,"Compatible alias, country, competition, and provider history evidence; normalized_aliases=1;nonempty_countries=1;min_common_competitions=1;shared_fixture_links=4;shared_season_pairs=1;providers_with_history=2."
team,a9c5196c-e84b-5538-a93e-16f8f7698562,football_data_uk,Bournemouth,SAME_ENTITY,HIGH,a9c5196c-e84b-5538-a93e-16f8f7698562,db:product_team_aliases;db:match_provider_mappings;providers=football_data_uk+openfootball,"Compatible alias, country, competition, and provider history evidence; normalized_aliases=1;nonempty_countries=1;min_common_competitions=3;shared_fixture_links=248;shared_season_pairs=1;providers_with_history=2."
team,a9c5196c-e84b-5538-a93e-16f8f7698562,openfootball,AFC Bournemouth,SAME_ENTITY,HIGH,a9c5196c-e84b-5538-a93e-16f8f7698562,db:product_team_aliases;db:match_provider_mappings;providers=football_data_uk+openfootball,"Compatible alias, country, competition, and provider history evidence; normalized_aliases=1;nonempty_countries=1;min_common_competitions=3;shared_fixture_links=248;shared_season_pairs=1;providers_with_history=2."
team,aa612e87-7467-5309-a137-31a1a7b49ef5,football_data_org,64,SAME_ENTITY,HIGH,aa612e87-7467-5309-a137-31a1a7b49ef5,db:product_team_aliases;db:match_provider_mappings;providers=football_data_org+football_data_uk+openfootball,"Compatible alias, country, competition, and provider history evidence; normalized_aliases=1;nonempty_countries=1;min_common_competitions=1;shared_fixture_links=252;shared_season_pairs=3;providers_with_history=3."
team,aa612e87-7467-5309-a137-31a1a7b49ef5,football_data_uk,Liverpool,SAME_ENTITY,HIGH,aa612e87-7467-5309-a137-31a1a7b49ef5,db:product_team_aliases;db:match_provider_mappings;providers=football_data_org+football_data_uk+openfootball,"Compatible alias, country, competition, and provider history evidence; normalized_aliases=1;nonempty_countries=1;min_common_competitions=1;shared_fixture_links=252;shared_season_pairs=3;providers_with_history=3."
team,aa612e87-7467-5309-a137-31a1a7b49ef5,openfootball,Liverpool FC,SAME_ENTITY,HIGH,aa612e87-7467-5309-a137-31a1a7b49ef5,db:product_team_aliases;db:match_provider_mappings;providers=football_data_org+football_data_uk+openfootball,"Compatible alias, country, competition, and provider history evidence; normalized_aliases=1;nonempty_countries=1;min_common_competitions=1;shared_fixture_links=252;shared_season_pairs=3;providers_with_history=3."
team,aaf2c71f-1e57-5075-9314-192fba1c8cdf,api_football,1358,SAME_ENTITY,HIGH,aaf2c71f-1e57-5075-9314-192fba1c8cdf,db:product_team_aliases;db:match_provider_mappings;providers=api_football+football_data_uk,"Compatible alias, country, competition, and provider history evidence; normalized_aliases=1;nonempty_countries=1;min_common_competitions=1;shared_fixture_links=0;shared_season_pairs=1;providers_with_history=2."
team,aaf2c71f-1e57-5075-9314-192fba1c8cdf,football_data_uk,Wycombe,SAME_ENTITY,HIGH,aaf2c71f-1e57-5075-9314-192fba1c8cdf,db:product_team_aliases;db:match_provider_mappings;providers=api_football+football_data_uk,"Compatible alias, country, competition, and provider history evidence; normalized_aliases=1;nonempty_countries=1;min_common_competitions=1;shared_fixture_links=0;shared_season_pairs=1;providers_with_history=2."
team,ab16cec7-2130-5864-8d42-04a9b0625740,api_football,9580,SAME_ENTITY,HIGH,ab16cec7-2130-5864-8d42-04a9b0625740,db:product_team_aliases;db:match_provider_mappings;providers=api_football+football_data_uk,"Compatible alias, country, competition, and provider history evidence; normalized_aliases=1;nonempty_countries=1;min_common_competitions=1;shared_fixture_links=0;shared_season_pairs=1;providers_with_history=2."
team,ab16cec7-2130-5864-8d42-04a9b0625740,football_data_uk,Burgos,SAME_ENTITY,HIGH,ab16cec7-2130-5864-8d42-04a9b0625740,db:product_team_aliases;db:match_provider_mappings;providers=api_football+football_data_uk,"Compatible alias, country, competition, and provider history evidence; normalized_aliases=1;nonempty_countries=1;min_common_competitions=1;shared_fixture_links=0;shared_season_pairs=1;providers_with_history=2."
team,ab430df9-fb5d-54f8-8586-836cd2cf87c3,api_football,1371,SAME_ENTITY,HIGH,ab430df9-fb5d-54f8-8586-836cd2cf87c3,db:product_team_aliases;db:match_provider_mappings;providers=api_football+football_data_uk,"Compatible alias, country, competition, and provider history evidence; normalized_aliases=1;nonempty_countries=1;min_common_competitions=1;shared_fixture_links=0;shared_season_pairs=1;providers_with_history=2."
team,ab430df9-fb5d-54f8-8586-836cd2cf87c3,football_data_uk,Carlisle,SAME_ENTITY,HIGH,ab430df9-fb5d-54f8-8586-836cd2cf87c3,db:product_team_aliases;db:match_provider_mappings;providers=api_football+football_data_uk,"Compatible alias, country, competition, and provider history evidence; normalized_aliases=1;nonempty_countries=1;min_common_competitions=1;shared_fixture_links=0;shared_season_pairs=1;providers_with_history=2."
team,addd89a1-e7a8-5a5e-8ba7-c61f21f40be4,api_football,1832,SAME_ENTITY,HIGH,addd89a1-e7a8-5a5e-8ba7-c61f21f40be4,db:product_team_aliases;db:match_provider_mappings;providers=api_football+football_data_uk,"Compatible alias, country, competition, and provider history evidence; normalized_aliases=1;nonempty_countries=1;min_common_competitions=1;shared_fixture_links=0;shared_season_pairs=1;providers_with_history=2."
team,addd89a1-e7a8-5a5e-8ba7-c61f21f40be4,football_data_uk,Bromley,SAME_ENTITY,HIGH,addd89a1-e7a8-5a5e-8ba7-c61f21f40be4,db:product_team_aliases;db:match_provider_mappings;providers=api_football+football_data_uk,"Compatible alias, country, competition, and provider history evidence; normalized_aliases=1;nonempty_countries=1;min_common_competitions=1;shared_fixture_links=0;shared_season_pairs=1;providers_with_history=2."
team,b285ae6a-12ab-59f9-8fd0-0e9ea01d2dfa,football_data_uk,Utrecht,SAME_ENTITY,HIGH,b285ae6a-12ab-59f9-8fd0-0e9ea01d2dfa,db:product_team_aliases;db:match_provider_mappings;providers=football_data_uk+openfootball,"Compatible alias, country, competition, and provider history evidence; normalized_aliases=1;nonempty_countries=1;min_common_competitions=1;shared_fixture_links=156;shared_season_pairs=1;providers_with_history=2."
team,b285ae6a-12ab-59f9-8fd0-0e9ea01d2dfa,openfootball,FC Utrecht,SAME_ENTITY,HIGH,b285ae6a-12ab-59f9-8fd0-0e9ea01d2dfa,db:product_team_aliases;db:match_provider_mappings;providers=football_data_uk+openfootball,"Compatible alias, country, competition, and provider history evidence; normalized_aliases=1;nonempty_countries=1;min_common_competitions=1;shared_fixture_links=156;shared_season_pairs=1;providers_with_history=2."
team,b3397386-f071-51e0-839a-a821b8c20505,api_football,1819,SAME_ENTITY,HIGH,b3397386-f071-51e0-839a-a821b8c20505,db:product_team_aliases;db:match_provider_mappings;providers=api_football+football_data_uk,"Compatible alias, country, competition, and provider history evidence; normalized_aliases=1;nonempty_countries=1;min_common_competitions=1;shared_fixture_links=0;shared_season_pairs=1;providers_with_history=2."
team,b3397386-f071-51e0-839a-a821b8c20505,football_data_uk,Barrow,SAME_ENTITY,HIGH,b3397386-f071-51e0-839a-a821b8c20505,db:product_team_aliases;db:match_provider_mappings;providers=api_football+football_data_uk,"Compatible alias, country, competition, and provider history evidence; normalized_aliases=1;nonempty_countries=1;min_common_competitions=1;shared_fixture_links=0;shared_season_pairs=1;providers_with_history=2."
team,b485c5b0-d4a1-56d4-8ec7-b3e33d81e525,football_data_uk,FC Emmen,SAME_ENTITY,HIGH,b485c5b0-d4a1-56d4-8ec7-b3e33d81e525,db:product_team_aliases;db:match_provider_mappings;providers=football_data_uk+openfootball,"Compatible alias, country, competition, and provider history evidence; normalized_aliases=1;nonempty_countries=1;min_common_competitions=1;shared_fixture_links=91;shared_season_pairs=1;providers_with_history=2."
team,b485c5b0-d4a1-56d4-8ec7-b3e33d81e525,openfootball,FC Emmen,SAME_ENTITY,HIGH,b485c5b0-d4a1-56d4-8ec7-b3e33d81e525,db:product_team_aliases;db:match_provider_mappings;providers=football_data_uk+openfootball,"Compatible alias, country, competition, and provider history evidence; normalized_aliases=1;nonempty_countries=1;min_common_competitions=1;shared_fixture_links=91;shared_season_pairs=1;providers_with_history=2."
team,b6b1c93f-5a08-5060-9abc-4b9abf49a074,football_data_uk,Feyenoord,SAME_ENTITY,HIGH,b6b1c93f-5a08-5060-9abc-4b9abf49a074,db:product_team_aliases;db:match_provider_mappings;providers=football_data_uk+openfootball,"Compatible alias, country, competition, and provider history evidence; normalized_aliases=1;nonempty_countries=1;min_common_competitions=1;shared_fixture_links=113;shared_season_pairs=1;providers_with_history=2."
team,b6b1c93f-5a08-5060-9abc-4b9abf49a074,openfootball,Feyenoord,SAME_ENTITY,HIGH,b6b1c93f-5a08-5060-9abc-4b9abf49a074,db:product_team_aliases;db:match_provider_mappings;providers=football_data_uk+openfootball,"Compatible alias, country, competition, and provider history evidence; normalized_aliases=1;nonempty_countries=1;min_common_competitions=1;shared_fixture_links=113;shared_season_pairs=1;providers_with_history=2."
team,b7013f4a-b51b-5159-bcc8-1f36ac43441a,football_data_uk,Bologna,SAME_ENTITY,HIGH,b7013f4a-b51b-5159-bcc8-1f36ac43441a,db:product_team_aliases;db:match_provider_mappings;providers=football_data_uk+openfootball,"Compatible alias, country, competition, and provider history evidence; normalized_aliases=1;nonempty_countries=1;min_common_competitions=2;shared_fixture_links=74;shared_season_pairs=1;providers_with_history=2."
team,b7013f4a-b51b-5159-bcc8-1f36ac43441a,openfootball,Bologna FC,SAME_ENTITY,HIGH,b7013f4a-b51b-5159-bcc8-1f36ac43441a,db:product_team_aliases;db:match_provider_mappings;providers=football_data_uk+openfootball,"Compatible alias, country, competition, and provider history evidence; normalized_aliases=1;nonempty_countries=1;min_common_competitions=2;shared_fixture_links=74;shared_season_pairs=1;providers_with_history=2."
team,b7d186ce-6891-5525-bffb-9629c62a4121,football_data_uk,Cambuur,SAME_ENTITY,HIGH,b7d186ce-6891-5525-bffb-9629c62a4121,db:product_team_aliases;db:match_provider_mappings;providers=football_data_uk+openfootball,"Compatible alias, country, competition, and provider history evidence; normalized_aliases=1;nonempty_countries=1;min_common_competitions=1;shared_fixture_links=50;shared_season_pairs=1;providers_with_history=2."
team,b7d186ce-6891-5525-bffb-9629c62a4121,openfootball,SC Cambuur,SAME_ENTITY,HIGH,b7d186ce-6891-5525-bffb-9629c62a4121,db:product_team_aliases;db:match_provider_mappings;providers=football_data_uk+openfootball,"Compatible alias, country, competition, and provider history evidence; normalized_aliases=1;nonempty_countries=1;min_common_competitions=1;shared_fixture_links=50;shared_season_pairs=1;providers_with_history=2."
team,b8c8f47a-8655-5ac6-95fa-96ec053eed86,football_data_org,58,SAME_ENTITY,HIGH,b8c8f47a-8655-5ac6-95fa-96ec053eed86,db:product_team_aliases;db:match_provider_mappings;providers=football_data_org+football_data_uk+openfootball,"Compatible alias, country, competition, and provider history evidence; normalized_aliases=1;nonempty_countries=1;min_common_competitions=1;shared_fixture_links=216;shared_season_pairs=3;providers_with_history=3."
team,b8c8f47a-8655-5ac6-95fa-96ec053eed86,football_data_uk,Aston Villa,SAME_ENTITY,HIGH,b8c8f47a-8655-5ac6-95fa-96ec053eed86,db:product_team_aliases;db:match_provider_mappings;providers=football_data_org+football_data_uk+openfootball,"Compatible alias, country, competition, and provider history evidence; normalized_aliases=1;nonempty_countries=1;min_common_competitions=1;shared_fixture_links=216;shared_season_pairs=3;providers_with_history=3."
team,b8c8f47a-8655-5ac6-95fa-96ec053eed86,openfootball,Aston Villa,SAME_ENTITY,HIGH,b8c8f47a-8655-5ac6-95fa-96ec053eed86,db:product_team_aliases;db:match_provider_mappings;providers=football_data_org+football_data_uk+openfootball,"Compatible alias, country, competition, and provider history evidence; normalized_aliases=1;nonempty_countries=1;min_common_competitions=1;shared_fixture_links=216;shared_season_pairs=3;providers_with_history=3."
team,b8c8f47a-8655-5ac6-95fa-96ec053eed86,openfootball,Aston Villa FC,SAME_ENTITY,HIGH,b8c8f47a-8655-5ac6-95fa-96ec053eed86,db:product_team_aliases;db:match_provider_mappings;providers=football_data_org+football_data_uk+openfootball,"Compatible alias, country, competition, and provider history evidence; normalized_aliases=1;nonempty_countries=1;min_common_competitions=1;shared_fixture_links=216;shared_season_pairs=3;providers_with_history=3."
team,b9152853-cb8a-50bc-a8bb-f40687fc4034,football_data_uk,Le Mans,SAME_ENTITY,HIGH,b9152853-cb8a-50bc-a8bb-f40687fc4034,db:product_team_aliases;db:match_provider_mappings;providers=football_data_uk+openfootball,"Compatible alias, country, competition, and provider history evidence; normalized_aliases=1;nonempty_countries=1;min_common_competitions=2;shared_fixture_links=11;shared_season_pairs=1;providers_with_history=2."
team,b9152853-cb8a-50bc-a8bb-f40687fc4034,openfootball,Le Mans FC,SAME_ENTITY,HIGH,b9152853-cb8a-50bc-a8bb-f40687fc4034,db:product_team_aliases;db:match_provider_mappings;providers=football_data_uk+openfootball,"Compatible alias, country, competition, and provider history evidence; normalized_aliases=1;nonempty_countries=1;min_common_competitions=2;shared_fixture_links=11;shared_season_pairs=1;providers_with_history=2."
team,ba1f18be-25c9-5e9d-ad5d-9670ef7077db,football_data_uk,Annecy,SAME_ENTITY,HIGH,ba1f18be-25c9-5e9d-ad5d-9670ef7077db,db:product_team_aliases;db:match_provider_mappings;providers=football_data_uk+openfootball,"Compatible alias, country, competition, and provider history evidence; normalized_aliases=1;nonempty_countries=1;min_common_competitions=1;shared_fixture_links=19;shared_season_pairs=1;providers_with_history=2."
team,ba1f18be-25c9-5e9d-ad5d-9670ef7077db,openfootball,FC Annecy,SAME_ENTITY,HIGH,ba1f18be-25c9-5e9d-ad5d-9670ef7077db,db:product_team_aliases;db:match_provider_mappings;providers=football_data_uk+openfootball,"Compatible alias, country, competition, and provider history evidence; normalized_aliases=1;nonempty_countries=1;min_common_competitions=1;shared_fixture_links=19;shared_season_pairs=1;providers_with_history=2."
team,bab81227-868f-531f-b0fd-31aa669e2dff,football_data_uk,Freiburg,SAME_ENTITY,HIGH,bab81227-868f-531f-b0fd-31aa669e2dff,db:product_team_aliases;db:match_provider_mappings;providers=football_data_uk+openfootball,"Compatible alias, country, competition, and provider history evidence; normalized_aliases=1;nonempty_countries=1;min_common_competitions=1;shared_fixture_links=40;shared_season_pairs=1;providers_with_history=2."
team,bab81227-868f-531f-b0fd-31aa669e2dff,openfootball,SC Freiburg,SAME_ENTITY,HIGH,bab81227-868f-531f-b0fd-31aa669e2dff,db:product_team_aliases;db:match_provider_mappings;providers=football_data_uk+openfootball,"Compatible alias, country, competition, and provider history evidence; normalized_aliases=1;nonempty_countries=1;min_common_competitions=1;shared_fixture_links=40;shared_season_pairs=1;providers_with_history=2."
team,baffce60-5f93-55c4-b041-c3bc9a2ffe27,api_football,4700,SAME_ENTITY,HIGH,baffce60-5f93-55c4-b041-c3bc9a2ffe27,db:product_team_aliases;db:match_provider_mappings;providers=api_football+football_data_uk,"Compatible alias, country, competition, and provider history evidence; normalized_aliases=1;nonempty_countries=1;min_common_competitions=1;shared_fixture_links=0;shared_season_pairs=1;providers_with_history=2."
team,baffce60-5f93-55c4-b041-c3bc9a2ffe27,football_data_uk,Altrincham,SAME_ENTITY,HIGH,baffce60-5f93-55c4-b041-c3bc9a2ffe27,db:product_team_aliases;db:match_provider_mappings;providers=api_football+football_data_uk,"Compatible alias, country, competition, and provider history evidence; normalized_aliases=1;nonempty_countries=1;min_common_competitions=1;shared_fixture_links=0;shared_season_pairs=1;providers_with_history=2."
team,bb3e10c7-40ed-5578-a15d-9a64038685c7,football_data_uk,Watford,SAME_ENTITY,HIGH,bb3e10c7-40ed-5578-a15d-9a64038685c7,db:product_team_aliases;db:match_provider_mappings;providers=football_data_uk+openfootball,"Compatible alias, country, competition, and provider history evidence; normalized_aliases=1;nonempty_countries=1;min_common_competitions=2;shared_fixture_links=231;shared_season_pairs=1;providers_with_history=2."
team,bb3e10c7-40ed-5578-a15d-9a64038685c7,openfootball,Watford FC,SAME_ENTITY,HIGH,bb3e10c7-40ed-5578-a15d-9a64038685c7,db:product_team_aliases;db:match_provider_mappings;providers=football_data_uk+openfootball,"Compatible alias, country, competition, and provider history evidence; normalized_aliases=1;nonempty_countries=1;min_common_competitions=2;shared_fixture_links=231;shared_season_pairs=1;providers_with_history=2."
team,bb967902-a2e7-5cde-bbab-a0b003f3c2eb,football_data_uk,Willem II,SAME_ENTITY,HIGH,bb967902-a2e7-5cde-bbab-a0b003f3c2eb,db:product_team_aliases;db:match_provider_mappings;providers=football_data_uk+openfootball,"Compatible alias, country, competition, and provider history evidence; normalized_aliases=1;nonempty_countries=1;min_common_competitions=1;shared_fixture_links=88;shared_season_pairs=1;providers_with_history=2."
team,bb967902-a2e7-5cde-bbab-a0b003f3c2eb,openfootball,Willem II,SAME_ENTITY,HIGH,bb967902-a2e7-5cde-bbab-a0b003f3c2eb,db:product_team_aliases;db:match_provider_mappings;providers=football_data_uk+openfootball,"Compatible alias, country, competition, and provider history evidence; normalized_aliases=1;nonempty_countries=1;min_common_competitions=1;shared_fixture_links=88;shared_season_pairs=1;providers_with_history=2."
team,be3e802e-a2f2-5406-817b-7cead02291f6,api_football,8146,SAME_ENTITY,HIGH,be3e802e-a2f2-5406-817b-7cead02291f6,db:product_team_aliases;db:match_provider_mappings;providers=api_football+football_data_uk,"Compatible alias, country, competition, and provider history evidence; normalized_aliases=1;nonempty_countries=1;min_common_competitions=1;shared_fixture_links=0;shared_season_pairs=1;providers_with_history=2."
team,be3e802e-a2f2-5406-817b-7cead02291f6,football_data_uk,Boston Utd,SAME_ENTITY,HIGH,be3e802e-a2f2-5406-817b-7cead02291f6,db:product_team_aliases;db:match_provider_mappings;providers=api_football+football_data_uk,"Compatible alias, country, competition, and provider history evidence; normalized_aliases=1;nonempty_countries=1;min_common_competitions=1;shared_fixture_links=0;shared_season_pairs=1;providers_with_history=2."
team,c024bfd6-8aa3-579b-90ff-2a746bdead2c,football_data_uk,Antalyaspor,SAME_ENTITY,HIGH,c024bfd6-8aa3-579b-90ff-2a746bdead2c,db:product_team_aliases;db:match_provider_mappings;providers=football_data_uk+openfootball,"Compatible alias, country, competition, and provider history evidence; normalized_aliases=1;nonempty_countries=1;min_common_competitions=1;shared_fixture_links=69;shared_season_pairs=1;providers_with_history=2."
team,c024bfd6-8aa3-579b-90ff-2a746bdead2c,openfootball,Antalyaspor,SAME_ENTITY,HIGH,c024bfd6-8aa3-579b-90ff-2a746bdead2c,db:product_team_aliases;db:match_provider_mappings;providers=football_data_uk+openfootball,"Compatible alias, country, competition, and provider history evidence; normalized_aliases=1;nonempty_countries=1;min_common_competitions=1;shared_fixture_links=69;shared_season_pairs=1;providers_with_history=2."
team,c4ad8b95-0a65-5e34-ae79-4368d33a075a,api_football,724,SAME_ENTITY,HIGH,c4ad8b95-0a65-5e34-ae79-4368d33a075a,db:product_team_aliases;db:match_provider_mappings;providers=api_football+football_data_uk,"Compatible alias, country, competition, and provider history evidence; normalized_aliases=1;nonempty_countries=1;min_common_competitions=1;shared_fixture_links=0;shared_season_pairs=1;providers_with_history=2."
team,c4ad8b95-0a65-5e34-ae79-4368d33a075a,football_data_uk,Cadiz,SAME_ENTITY,HIGH,c4ad8b95-0a65-5e34-ae79-4368d33a075a,db:product_team_aliases;db:match_provider_mappings;providers=api_football+football_data_uk,"Compatible alias, country, competition, and provider history evidence; normalized_aliases=1;nonempty_countries=1;min_common_competitions=1;shared_fixture_links=0;shared_season_pairs=1;providers_with_history=2."
team,c7c32bda-0eb2-56c2-a6ac-da62a060f0f8,api_football,1353,SAME_ENTITY,HIGH,c7c32bda-0eb2-56c2-a6ac-da62a060f0f8,db:product_team_aliases;db:match_provider_mappings;providers=api_football+openfootball,"Compatible alias, country, competition, and provider history evidence; normalized_aliases=1;nonempty_countries=1;min_common_competitions=1;shared_fixture_links=0;shared_season_pairs=0;providers_with_history=2."
team,c7c32bda-0eb2-56c2-a6ac-da62a060f0f8,openfootball,Swindon Town,SAME_ENTITY,HIGH,c7c32bda-0eb2-56c2-a6ac-da62a060f0f8,db:product_team_aliases;db:match_provider_mappings;providers=api_football+openfootball,"Compatible alias, country, competition, and provider history evidence; normalized_aliases=1;nonempty_countries=1;min_common_competitions=1;shared_fixture_links=0;shared_season_pairs=0;providers_with_history=2."
team,c8a57c68-4726-5cef-80a4-9bc64fa46727,football_data_uk,Virtus Lanciano,SAME_ENTITY,HIGH,c8a57c68-4726-5cef-80a4-9bc64fa46727,db:product_team_aliases;db:match_provider_mappings;providers=football_data_uk+openfootball,"Compatible alias, country, competition, and provider history evidence; normalized_aliases=1;nonempty_countries=1;min_common_competitions=1;shared_fixture_links=30;shared_season_pairs=1;providers_with_history=2."
team,c8a57c68-4726-5cef-80a4-9bc64fa46727,openfootball,Virtus Lanciano,SAME_ENTITY,HIGH,c8a57c68-4726-5cef-80a4-9bc64fa46727,db:product_team_aliases;db:match_provider_mappings;providers=football_data_uk+openfootball,"Compatible alias, country, competition, and provider history evidence; normalized_aliases=1;nonempty_countries=1;min_common_competitions=1;shared_fixture_links=30;shared_season_pairs=1;providers_with_history=2."
team,c9711fd6-1e86-5917-93a6-d6205835e3f3,football_data_uk,Bursaspor,SAME_ENTITY,HIGH,c9711fd6-1e86-5917-93a6-d6205835e3f3,db:product_team_aliases;db:match_provider_mappings;providers=football_data_uk+openfootball,"Compatible alias, country, competition, and provider history evidence; normalized_aliases=1;nonempty_countries=1;min_common_competitions=1;shared_fixture_links=16;shared_season_pairs=1;providers_with_history=2."
team,c9711fd6-1e86-5917-93a6-d6205835e3f3,openfootball,Bursaspor,SAME_ENTITY,HIGH,c9711fd6-1e86-5917-93a6-d6205835e3f3,db:product_team_aliases;db:match_provider_mappings;providers=football_data_uk+openfootball,"Compatible alias, country, competition, and provider history evidence; normalized_aliases=1;nonempty_countries=1;min_common_competitions=1;shared_fixture_links=16;shared_season_pairs=1;providers_with_history=2."
team,cb2ce1a1-5268-57a3-8f41-da41e83b5151,football_data_uk,Schalke 04,SAME_ENTITY,HIGH,cb2ce1a1-5268-57a3-8f41-da41e83b5151,db:product_team_aliases;db:match_provider_mappings;providers=football_data_uk+openfootball,"Compatible alias, country, competition, and provider history evidence; normalized_aliases=1;nonempty_countries=1;min_common_competitions=1;shared_fixture_links=42;shared_season_pairs=1;providers_with_history=2."
team,cb2ce1a1-5268-57a3-8f41-da41e83b5151,openfootball,FC Schalke 04,SAME_ENTITY,HIGH,cb2ce1a1-5268-57a3-8f41-da41e83b5151,db:product_team_aliases;db:match_provider_mappings;providers=football_data_uk+openfootball,"Compatible alias, country, competition, and provider history evidence; normalized_aliases=1;nonempty_countries=1;min_common_competitions=1;shared_fixture_links=42;shared_season_pairs=1;providers_with_history=2."
team,cb4774bc-6928-5190-aab8-932c4e2c07a0,football_data_uk,Groningen,SAME_ENTITY,HIGH,cb4774bc-6928-5190-aab8-932c4e2c07a0,db:product_team_aliases;db:match_provider_mappings;providers=football_data_uk+openfootball,"Compatible alias, country, competition, and provider history evidence; normalized_aliases=1;nonempty_countries=1;min_common_competitions=1;shared_fixture_links=143;shared_season_pairs=1;providers_with_history=2."
team,cb4774bc-6928-5190-aab8-932c4e2c07a0,openfootball,FC Groningen,SAME_ENTITY,HIGH,cb4774bc-6928-5190-aab8-932c4e2c07a0,db:product_team_aliases;db:match_provider_mappings;providers=football_data_uk+openfootball,"Compatible alias, country, competition, and provider history evidence; normalized_aliases=1;nonempty_countries=1;min_common_competitions=1;shared_fixture_links=143;shared_season_pairs=1;providers_with_history=2."
team,ccb67de8-7bab-54f5-8cd4-933346748bf7,football_data_uk,Porto,SAME_ENTITY,HIGH,ccb67de8-7bab-54f5-8cd4-933346748bf7,db:product_team_aliases;db:match_provider_mappings;providers=football_data_uk+openfootball,"Compatible alias, country, competition, and provider history evidence; normalized_aliases=1;nonempty_countries=1;min_common_competitions=1;shared_fixture_links=100;shared_season_pairs=1;providers_with_history=2."
team,ccb67de8-7bab-54f5-8cd4-933346748bf7,openfootball,FC Porto,SAME_ENTITY,HIGH,ccb67de8-7bab-54f5-8cd4-933346748bf7,db:product_team_aliases;db:match_provider_mappings;providers=football_data_uk+openfootball,"Compatible alias, country, competition, and provider history evidence; normalized_aliases=1;nonempty_countries=1;min_common_competitions=1;shared_fixture_links=100;shared_season_pairs=1;providers_with_history=2."
team,cd274fc9-9607-5b58-9887-82ae94acce0c,football_data_uk,Hibernian,SAME_ENTITY,HIGH,cd274fc9-9607-5b58-9887-82ae94acce0c,db:product_team_aliases;db:match_provider_mappings;providers=football_data_uk+openfootball,"Compatible alias, country, competition, and provider history evidence; normalized_aliases=1;nonempty_countries=1;min_common_competitions=1;shared_fixture_links=105;shared_season_pairs=1;providers_with_history=2."
team,cd274fc9-9607-5b58-9887-82ae94acce0c,openfootball,Hibernian FC,SAME_ENTITY,HIGH,cd274fc9-9607-5b58-9887-82ae94acce0c,db:product_team_aliases;db:match_provider_mappings;providers=football_data_uk+openfootball,"Compatible alias, country, competition, and provider history evidence; normalized_aliases=1;nonempty_countries=1;min_common_competitions=1;shared_fixture_links=105;shared_season_pairs=1;providers_with_history=2."
team,ce58e06a-10ce-5b69-8837-a8870ee869f6,api_football,37,SAME_ENTITY,HIGH,ce58e06a-10ce-5b69-8837-a8870ee869f6,db:product_team_aliases;db:match_provider_mappings;providers=api_football+football_data_uk,"Compatible alias, country, competition, and provider history evidence; normalized_aliases=1;nonempty_countries=1;min_common_competitions=1;shared_fixture_links=0;shared_season_pairs=1;providers_with_history=2."
team,ce58e06a-10ce-5b69-8837-a8870ee869f6,football_data_uk,Huddersfield,SAME_ENTITY,HIGH,ce58e06a-10ce-5b69-8837-a8870ee869f6,db:product_team_aliases;db:match_provider_mappings;providers=api_football+football_data_uk,"Compatible alias, country, competition, and provider history evidence; normalized_aliases=1;nonempty_countries=1;min_common_competitions=1;shared_fixture_links=0;shared_season_pairs=1;providers_with_history=2."
team,cfdddb19-0dc8-5f73-b43d-5d7895064548,football_data_org,341,SAME_ENTITY,HIGH,cfdddb19-0dc8-5f73-b43d-5d7895064548,db:product_team_aliases;db:match_provider_mappings;providers=football_data_org+openfootball,"Compatible alias, country, competition, and provider history evidence; normalized_aliases=1;nonempty_countries=1;min_common_competitions=1;shared_fixture_links=4;shared_season_pairs=1;providers_with_history=2."
team,cfdddb19-0dc8-5f73-b43d-5d7895064548,openfootball,Leeds United FC,SAME_ENTITY,HIGH,cfdddb19-0dc8-5f73-b43d-5d7895064548,db:product_team_aliases;db:match_provider_mappings;providers=football_data_org+openfootball,"Compatible alias, country, competition, and provider history evidence; normalized_aliases=1;nonempty_countries=1;min_common_competitions=1;shared_fixture_links=4;shared_season_pairs=1;providers_with_history=2."
team,d107cca5-3004-5fce-a275-6cde72009e6c,football_data_uk,Celtic,SAME_ENTITY,HIGH,d107cca5-3004-5fce-a275-6cde72009e6c,db:product_team_aliases;db:match_provider_mappings;providers=football_data_uk+openfootball,"Compatible alias, country, competition, and provider history evidence; normalized_aliases=1;nonempty_countries=1;min_common_competitions=1;shared_fixture_links=103;shared_season_pairs=1;providers_with_history=2."
team,d107cca5-3004-5fce-a275-6cde72009e6c,openfootball,Celtic FC,SAME_ENTITY,HIGH,d107cca5-3004-5fce-a275-6cde72009e6c,db:product_team_aliases;db:match_provider_mappings;providers=football_data_uk+openfootball,"Compatible alias, country, competition, and provider history evidence; normalized_aliases=1;nonempty_countries=1;min_common_competitions=1;shared_fixture_links=103;shared_season_pairs=1;providers_with_history=2."
team,d19dbaeb-e4a4-534e-b903-1bee524dcd73,football_data_uk,Barcelona,SAME_ENTITY,HIGH,d19dbaeb-e4a4-534e-b903-1bee524dcd73,db:product_team_aliases;db:match_provider_mappings;providers=football_data_uk+openfootball,"Compatible alias, country, competition, and provider history evidence; normalized_aliases=1;nonempty_countries=1;min_common_competitions=1;shared_fixture_links=83;shared_season_pairs=1;providers_with_history=2."
team,d19dbaeb-e4a4-534e-b903-1bee524dcd73,openfootball,FC Barcelona,SAME_ENTITY,HIGH,d19dbaeb-e4a4-534e-b903-1bee524dcd73,db:product_team_aliases;db:match_provider_mappings;providers=football_data_uk+openfootball,"Compatible alias, country, competition, and provider history evidence; normalized_aliases=1;nonempty_countries=1;min_common_competitions=1;shared_fixture_links=83;shared_season_pairs=1;providers_with_history=2."
team,d443a084-2193-5f72-93ae-e6cb6b752761,football_data_uk,Crotone,SAME_ENTITY,HIGH,d443a084-2193-5f72-93ae-e6cb6b752761,db:product_team_aliases;db:match_provider_mappings;providers=football_data_uk+openfootball,"Compatible alias, country, competition, and provider history evidence; normalized_aliases=1;nonempty_countries=1;min_common_competitions=2;shared_fixture_links=66;shared_season_pairs=1;providers_with_history=2."
team,d443a084-2193-5f72-93ae-e6cb6b752761,openfootball,FC Crotone,SAME_ENTITY,HIGH,d443a084-2193-5f72-93ae-e6cb6b752761,db:product_team_aliases;db:match_provider_mappings;providers=football_data_uk+openfootball,"Compatible alias, country, competition, and provider history evidence; normalized_aliases=1;nonempty_countries=1;min_common_competitions=2;shared_fixture_links=66;shared_season_pairs=1;providers_with_history=2."
team,d6fe858f-2005-5f45-8e50-d5bebeb9fc4d,football_data_uk,Werder Bremen,SAME_ENTITY,HIGH,d6fe858f-2005-5f45-8e50-d5bebeb9fc4d,db:product_team_aliases;db:match_provider_mappings;providers=football_data_uk+openfootball,"Compatible alias, country, competition, and provider history evidence; normalized_aliases=1;nonempty_countries=1;min_common_competitions=1;shared_fixture_links=38;shared_season_pairs=1;providers_with_history=2."
team,d6fe858f-2005-5f45-8e50-d5bebeb9fc4d,openfootball,Werder Bremen,SAME_ENTITY,HIGH,d6fe858f-2005-5f45-8e50-d5bebeb9fc4d,db:product_team_aliases;db:match_provider_mappings;providers=football_data_uk+openfootball,"Compatible alias, country, competition, and provider history evidence; normalized_aliases=1;nonempty_countries=1;min_common_competitions=1;shared_fixture_links=38;shared_season_pairs=1;providers_with_history=2."
team,d707bbd1-7dd8-53c6-aaf6-20fcdf99da07,football_data_uk,AVS,SAME_ENTITY,HIGH,d707bbd1-7dd8-53c6-aaf6-20fcdf99da07,db:product_team_aliases;db:match_provider_mappings;providers=football_data_uk+openfootball,"Compatible alias, country, competition, and provider history evidence; normalized_aliases=1;nonempty_countries=1;min_common_competitions=1;shared_fixture_links=25;shared_season_pairs=1;providers_with_history=2."
team,d707bbd1-7dd8-53c6-aaf6-20fcdf99da07,openfootball,AVS,SAME_ENTITY,HIGH,d707bbd1-7dd8-53c6-aaf6-20fcdf99da07,db:product_team_aliases;db:match_provider_mappings;providers=football_data_uk+openfootball,"Compatible alias, country, competition, and provider history evidence; normalized_aliases=1;nonempty_countries=1;min_common_competitions=1;shared_fixture_links=25;shared_season_pairs=1;providers_with_history=2."
team,d74e0f17-1539-59cd-81b7-3113e23c5212,football_data_org,63,SAME_ENTITY,HIGH,d74e0f17-1539-59cd-81b7-3113e23c5212,db:product_team_aliases;db:match_provider_mappings;providers=football_data_org+football_data_uk+openfootball,"Compatible alias, country, competition, and provider history evidence; normalized_aliases=1;nonempty_countries=1;min_common_competitions=1;shared_fixture_links=211;shared_season_pairs=3;providers_with_history=3."
team,d74e0f17-1539-59cd-81b7-3113e23c5212,football_data_uk,Fulham,SAME_ENTITY,HIGH,d74e0f17-1539-59cd-81b7-3113e23c5212,db:product_team_aliases;db:match_provider_mappings;providers=football_data_org+football_data_uk+openfootball,"Compatible alias, country, competition, and provider history evidence; normalized_aliases=1;nonempty_countries=1;min_common_competitions=1;shared_fixture_links=211;shared_season_pairs=3;providers_with_history=3."
team,d74e0f17-1539-59cd-81b7-3113e23c5212,openfootball,Fulham FC,SAME_ENTITY,HIGH,d74e0f17-1539-59cd-81b7-3113e23c5212,db:product_team_aliases;db:match_provider_mappings;providers=football_data_org+football_data_uk+openfootball,"Compatible alias, country, competition, and provider history evidence; normalized_aliases=1;nonempty_countries=1;min_common_competitions=1;shared_fixture_links=211;shared_season_pairs=3;providers_with_history=3."
team,d7c0d275-79e1-5bdf-bdc3-327fb1032e8b,football_data_uk,Brentford,SAME_ENTITY,HIGH,d7c0d275-79e1-5bdf-bdc3-327fb1032e8b,db:product_team_aliases;db:match_provider_mappings;providers=football_data_uk+openfootball,"Compatible alias, country, competition, and provider history evidence; normalized_aliases=1;nonempty_countries=1;min_common_competitions=3;shared_fixture_links=208;shared_season_pairs=1;providers_with_history=2."
team,d7c0d275-79e1-5bdf-bdc3-327fb1032e8b,openfootball,Brentford FC,SAME_ENTITY,HIGH,d7c0d275-79e1-5bdf-bdc3-327fb1032e8b,db:product_team_aliases;db:match_provider_mappings;providers=football_data_uk+openfootball,"Compatible alias, country, competition, and provider history evidence; normalized_aliases=1;nonempty_countries=1;min_common_competitions=3;shared_fixture_links=208;shared_season_pairs=1;providers_with_history=2."
team,da6c6954-094b-56b8-9fba-4408b512a5dd,api_football,1823,SAME_ENTITY,HIGH,da6c6954-094b-56b8-9fba-4408b512a5dd,db:product_team_aliases;db:match_provider_mappings;providers=api_football+football_data_uk,"Compatible alias, country, competition, and provider history evidence; normalized_aliases=1;nonempty_countries=1;min_common_competitions=1;shared_fixture_links=0;shared_season_pairs=1;providers_with_history=2."
team,da6c6954-094b-56b8-9fba-4408b512a5dd,football_data_uk,Gateshead,SAME_ENTITY,HIGH,da6c6954-094b-56b8-9fba-4408b512a5dd,db:product_team_aliases;db:match_provider_mappings;providers=api_football+football_data_uk,"Compatible alias, country, competition, and provider history evidence; normalized_aliases=1;nonempty_countries=1;min_common_competitions=1;shared_fixture_links=0;shared_season_pairs=1;providers_with_history=2."
team,dd1d2e27-efd6-5e33-b29e-d4866f065429,api_football,1822,SAME_ENTITY,HIGH,dd1d2e27-efd6-5e33-b29e-d4866f065429,db:product_team_aliases;db:match_provider_mappings;providers=api_football+football_data_uk,"Compatible alias, country, competition, and provider history evidence; normalized_aliases=1;nonempty_countries=1;min_common_competitions=1;shared_fixture_links=0;shared_season_pairs=1;providers_with_history=2."
team,dd1d2e27-efd6-5e33-b29e-d4866f065429,football_data_uk,Eastleigh,SAME_ENTITY,HIGH,dd1d2e27-efd6-5e33-b29e-d4866f065429,db:product_team_aliases;db:match_provider_mappings;providers=api_football+football_data_uk,"Compatible alias, country, competition, and provider history evidence; normalized_aliases=1;nonempty_countries=1;min_common_competitions=1;shared_fixture_links=0;shared_season_pairs=1;providers_with_history=2."
team,dddd2e86-63a7-5dca-a353-2067f8f10ab3,api_football,1349,SAME_ENTITY,HIGH,dddd2e86-63a7-5dca-a353-2067f8f10ab3,db:product_team_aliases;db:match_provider_mappings;providers=api_football+football_data_uk,"Compatible alias, country, competition, and provider history evidence; normalized_aliases=1;nonempty_countries=1;min_common_competitions=1;shared_fixture_links=0;shared_season_pairs=1;providers_with_history=2."
team,dddd2e86-63a7-5dca-a353-2067f8f10ab3,football_data_uk,Oldham,SAME_ENTITY,HIGH,dddd2e86-63a7-5dca-a353-2067f8f10ab3,db:product_team_aliases;db:match_provider_mappings;providers=api_football+football_data_uk,"Compatible alias, country, competition, and provider history evidence; normalized_aliases=1;nonempty_countries=1;min_common_competitions=1;shared_fixture_links=0;shared_season_pairs=1;providers_with_history=2."
team,de6684a4-93be-5da5-b10a-6b993dab8db1,api_football,718,SAME_ENTITY,HIGH,de6684a4-93be-5da5-b10a-6b993dab8db1,db:product_team_aliases;db:match_provider_mappings;providers=api_football+football_data_uk,"Compatible alias, country, competition, and provider history evidence; normalized_aliases=1;nonempty_countries=1;min_common_competitions=1;shared_fixture_links=0;shared_season_pairs=1;providers_with_history=2."
team,de6684a4-93be-5da5-b10a-6b993dab8db1,football_data_uk,Oviedo,SAME_ENTITY,HIGH,de6684a4-93be-5da5-b10a-6b993dab8db1,db:product_team_aliases;db:match_provider_mappings;providers=api_football+football_data_uk,"Compatible alias, country, competition, and provider history evidence; normalized_aliases=1;nonempty_countries=1;min_common_competitions=1;shared_fixture_links=0;shared_season_pairs=1;providers_with_history=2."
team,e1059b61-0d49-55c8-9b65-750c4e15dab7,football_data_uk,Real Madrid,SAME_ENTITY,HIGH,e1059b61-0d49-55c8-9b65-750c4e15dab7,db:product_team_aliases;db:match_provider_mappings;providers=football_data_uk+openfootball,"Compatible alias, country, competition, and provider history evidence; normalized_aliases=1;nonempty_countries=1;min_common_competitions=1;shared_fixture_links=82;shared_season_pairs=1;providers_with_history=2."
team,e1059b61-0d49-55c8-9b65-750c4e15dab7,openfootball,Real Madrid,SAME_ENTITY,HIGH,e1059b61-0d49-55c8-9b65-750c4e15dab7,db:product_team_aliases;db:match_provider_mappings;providers=football_data_uk+openfootball,"Compatible alias, country, competition, and provider history evidence; normalized_aliases=1;nonempty_countries=1;min_common_competitions=1;shared_fixture_links=82;shared_season_pairs=1;providers_with_history=2."
team,e1059b61-0d49-55c8-9b65-750c4e15dab7,openfootball,Real Madrid CF,SAME_ENTITY,HIGH,e1059b61-0d49-55c8-9b65-750c4e15dab7,db:product_team_aliases;db:match_provider_mappings;providers=football_data_uk+openfootball,"Compatible alias, country, competition, and provider history evidence; normalized_aliases=1;nonempty_countries=1;min_common_competitions=1;shared_fixture_links=82;shared_season_pairs=1;providers_with_history=2."
team,e19d7aae-0404-5289-a469-4d1ba052206c,football_data_uk,Nantes,SAME_ENTITY,HIGH,e19d7aae-0404-5289-a469-4d1ba052206c,db:product_team_aliases;db:match_provider_mappings;providers=football_data_uk+openfootball,"Compatible alias, country, competition, and provider history evidence; normalized_aliases=1;nonempty_countries=1;min_common_competitions=1;shared_fixture_links=62;shared_season_pairs=1;providers_with_history=2."
team,e19d7aae-0404-5289-a469-4d1ba052206c,openfootball,FC Nantes,SAME_ENTITY,HIGH,e19d7aae-0404-5289-a469-4d1ba052206c,db:product_team_aliases;db:match_provider_mappings;providers=football_data_uk+openfootball,"Compatible alias, country, competition, and provider history evidence; normalized_aliases=1;nonempty_countries=1;min_common_competitions=1;shared_fixture_links=62;shared_season_pairs=1;providers_with_history=2."
team,e524a9be-53f9-56b1-aafe-5d510beb3916,football_data_uk,Aberdeen,SAME_ENTITY,HIGH,e524a9be-53f9-56b1-aafe-5d510beb3916,db:product_team_aliases;db:match_provider_mappings;providers=football_data_uk+openfootball,"Compatible alias, country, competition, and provider history evidence; normalized_aliases=1;nonempty_countries=1;min_common_competitions=1;shared_fixture_links=107;shared_season_pairs=1;providers_with_history=2."
team,e524a9be-53f9-56b1-aafe-5d510beb3916,openfootball,Aberdeen FC,SAME_ENTITY,HIGH,e524a9be-53f9-56b1-aafe-5d510beb3916,db:product_team_aliases;db:match_provider_mappings;providers=football_data_uk+openfootball,"Compatible alias, country, competition, and provider history evidence; normalized_aliases=1;nonempty_countries=1;min_common_competitions=1;shared_fixture_links=107;shared_season_pairs=1;providers_with_history=2."
team,e5aedd0e-46bb-52f1-a7d3-2d5e89d9020d,football_data_uk,PSV Eindhoven,SAME_ENTITY,HIGH,e5aedd0e-46bb-52f1-a7d3-2d5e89d9020d,db:product_team_aliases;db:match_provider_mappings;providers=football_data_uk+openfootball,"Compatible alias, country, competition, and provider history evidence; normalized_aliases=1;nonempty_countries=1;min_common_competitions=1;shared_fixture_links=115;shared_season_pairs=1;providers_with_history=2."
team,e5aedd0e-46bb-52f1-a7d3-2d5e89d9020d,openfootball,PSV Eindhoven,SAME_ENTITY,HIGH,e5aedd0e-46bb-52f1-a7d3-2d5e89d9020d,db:product_team_aliases;db:match_provider_mappings;providers=football_data_uk+openfootball,"Compatible alias, country, competition, and provider history evidence; normalized_aliases=1;nonempty_countries=1;min_common_competitions=1;shared_fixture_links=115;shared_season_pairs=1;providers_with_history=2."
team,e867172d-578c-5dd7-bb5c-77788a14f444,api_football,1341,SAME_ENTITY,HIGH,e867172d-578c-5dd7-bb5c-77788a14f444,db:product_team_aliases;db:match_provider_mappings;providers=api_football+football_data_uk,"Compatible alias, country, competition, and provider history evidence; normalized_aliases=1;nonempty_countries=1;min_common_competitions=1;shared_fixture_links=0;shared_season_pairs=1;providers_with_history=2."
team,e867172d-578c-5dd7-bb5c-77788a14f444,football_data_uk,Southend,SAME_ENTITY,HIGH,e867172d-578c-5dd7-bb5c-77788a14f444,db:product_team_aliases;db:match_provider_mappings;providers=api_football+football_data_uk,"Compatible alias, country, competition, and provider history evidence; normalized_aliases=1;nonempty_countries=1;min_common_competitions=1;shared_fixture_links=0;shared_season_pairs=1;providers_with_history=2."
team,e968e08f-dbc2-50ff-9d68-275cd3df1415,football_data_uk,Denizlispor,SAME_ENTITY,HIGH,e968e08f-dbc2-50ff-9d68-275cd3df1415,db:product_team_aliases;db:match_provider_mappings;providers=football_data_uk+openfootball,"Compatible alias, country, competition, and provider history evidence; normalized_aliases=1;nonempty_countries=1;min_common_competitions=1;shared_fixture_links=34;shared_season_pairs=1;providers_with_history=2."
team,e968e08f-dbc2-50ff-9d68-275cd3df1415,openfootball,Denizlispor,SAME_ENTITY,HIGH,e968e08f-dbc2-50ff-9d68-275cd3df1415,db:product_team_aliases;db:match_provider_mappings;providers=football_data_uk+openfootball,"Compatible alias, country, competition, and provider history evidence; normalized_aliases=1;nonempty_countries=1;min_common_competitions=1;shared_fixture_links=34;shared_season_pairs=1;providers_with_history=2."
team,eac9b1e1-e3c3-53b0-a280-5b9ea74ce967,api_football,9692,SAME_ENTITY,HIGH,eac9b1e1-e3c3-53b0-a280-5b9ea74ce967,db:product_team_aliases;db:match_provider_mappings;providers=api_football+football_data_uk,"Compatible alias, country, competition, and provider history evidence; normalized_aliases=1;nonempty_countries=1;min_common_competitions=1;shared_fixture_links=0;shared_season_pairs=1;providers_with_history=2."
team,eac9b1e1-e3c3-53b0-a280-5b9ea74ce967,football_data_uk,Eldense,SAME_ENTITY,HIGH,eac9b1e1-e3c3-53b0-a280-5b9ea74ce967,db:product_team_aliases;db:match_provider_mappings;providers=api_football+football_data_uk,"Compatible alias, country, competition, and provider history evidence; normalized_aliases=1;nonempty_countries=1;min_common_competitions=1;shared_fixture_links=0;shared_season_pairs=1;providers_with_history=2."
team,ece32478-593b-5b4a-83ba-d1d6d67a3b90,api_football,1366,SAME_ENTITY,HIGH,ece32478-593b-5b4a-83ba-d1d6d67a3b90,db:product_team_aliases;db:match_provider_mappings;providers=api_football+football_data_uk,"Compatible alias, country, competition, and provider history evidence; normalized_aliases=1;nonempty_countries=1;min_common_competitions=1;shared_fixture_links=0;shared_season_pairs=1;providers_with_history=2."
team,ece32478-593b-5b4a-83ba-d1d6d67a3b90,football_data_uk,Hartlepool,SAME_ENTITY,HIGH,ece32478-593b-5b4a-83ba-d1d6d67a3b90,db:product_team_aliases;db:match_provider_mappings;providers=api_football+football_data_uk,"Compatible alias, country, competition, and provider history evidence; normalized_aliases=1;nonempty_countries=1;min_common_competitions=1;shared_fixture_links=0;shared_season_pairs=1;providers_with_history=2."
team,ed0b2e93-383d-5599-9dff-348e7619a699,football_data_uk,Bury,SAME_ENTITY,HIGH,ed0b2e93-383d-5599-9dff-348e7619a699,db:product_team_aliases;db:match_provider_mappings;providers=football_data_uk+openfootball,"Compatible alias, country, competition, and provider history evidence; normalized_aliases=1;nonempty_countries=1;min_common_competitions=2;shared_fixture_links=68;shared_season_pairs=1;providers_with_history=2."
team,ed0b2e93-383d-5599-9dff-348e7619a699,openfootball,Bury FC,SAME_ENTITY,HIGH,ed0b2e93-383d-5599-9dff-348e7619a699,db:product_team_aliases;db:match_provider_mappings;providers=football_data_uk+openfootball,"Compatible alias, country, competition, and provider history evidence; normalized_aliases=1;nonempty_countries=1;min_common_competitions=2;shared_fixture_links=68;shared_season_pairs=1;providers_with_history=2."
team,f04ab63c-0650-5e59-a992-ebd842cd4fbc,football_data_uk,Villarreal,SAME_ENTITY,HIGH,f04ab63c-0650-5e59-a992-ebd842cd4fbc,db:product_team_aliases;db:match_provider_mappings;providers=football_data_uk+openfootball,"Compatible alias, country, competition, and provider history evidence; normalized_aliases=1;nonempty_countries=1;min_common_competitions=1;shared_fixture_links=78;shared_season_pairs=1;providers_with_history=2."
team,f04ab63c-0650-5e59-a992-ebd842cd4fbc,openfootball,Villarreal CF,SAME_ENTITY,HIGH,f04ab63c-0650-5e59-a992-ebd842cd4fbc,db:product_team_aliases;db:match_provider_mappings;providers=football_data_uk+openfootball,"Compatible alias, country, competition, and provider history evidence; normalized_aliases=1;nonempty_countries=1;min_common_competitions=1;shared_fixture_links=78;shared_season_pairs=1;providers_with_history=2."
team,f0f37403-240c-518b-b298-2e26a7d6c536,api_football,1342,SAME_ENTITY,HIGH,f0f37403-240c-518b-b298-2e26a7d6c536,db:product_team_aliases;db:match_provider_mappings;providers=api_football+football_data_uk+openfootball,"Compatible alias, country, competition, and provider history evidence; normalized_aliases=1;nonempty_countries=1;min_common_competitions=1;shared_fixture_links=122;shared_season_pairs=2;providers_with_history=3."
team,f0f37403-240c-518b-b298-2e26a7d6c536,football_data_uk,Walsall,SAME_ENTITY,HIGH,f0f37403-240c-518b-b298-2e26a7d6c536,db:product_team_aliases;db:match_provider_mappings;providers=api_football+football_data_uk+openfootball,"Compatible alias, country, competition, and provider history evidence; normalized_aliases=1;nonempty_countries=1;min_common_competitions=1;shared_fixture_links=122;shared_season_pairs=2;providers_with_history=3."
team,f0f37403-240c-518b-b298-2e26a7d6c536,openfootball,Walsall FC,SAME_ENTITY,HIGH,f0f37403-240c-518b-b298-2e26a7d6c536,db:product_team_aliases;db:match_provider_mappings;providers=api_football+football_data_uk+openfootball,"Compatible alias, country, competition, and provider history evidence; normalized_aliases=1;nonempty_countries=1;min_common_competitions=1;shared_fixture_links=122;shared_season_pairs=2;providers_with_history=3."
team,f18b9578-fdcf-57a9-886d-c0d65b978204,football_data_uk,Konyaspor,SAME_ENTITY,HIGH,f18b9578-fdcf-57a9-886d-c0d65b978204,db:product_team_aliases;db:match_provider_mappings;providers=football_data_uk+openfootball,"Compatible alias, country, competition, and provider history evidence; normalized_aliases=1;nonempty_countries=1;min_common_competitions=1;shared_fixture_links=54;shared_season_pairs=1;providers_with_history=2."
team,f18b9578-fdcf-57a9-886d-c0d65b978204,openfootball,Konyaspor,SAME_ENTITY,HIGH,f18b9578-fdcf-57a9-886d-c0d65b978204,db:product_team_aliases;db:match_provider_mappings;providers=football_data_uk+openfootball,"Compatible alias, country, competition, and provider history evidence; normalized_aliases=1;nonempty_countries=1;min_common_competitions=1;shared_fixture_links=54;shared_season_pairs=1;providers_with_history=2."
team,f1b88251-5cba-5963-9f4d-80f85f4bb731,api_football,1376,SAME_ENTITY,HIGH,f1b88251-5cba-5963-9f4d-80f85f4bb731,db:product_team_aliases;db:match_provider_mappings;providers=api_football+football_data_uk+openfootball,"Compatible alias, country, competition, and provider history evidence; normalized_aliases=1;nonempty_countries=1;min_common_competitions=1;shared_fixture_links=105;shared_season_pairs=2;providers_with_history=3."
team,f1b88251-5cba-5963-9f4d-80f85f4bb731,football_data_uk,Notts County,SAME_ENTITY,HIGH,f1b88251-5cba-5963-9f4d-80f85f4bb731,db:product_team_aliases;db:match_provider_mappings;providers=api_football+football_data_uk+openfootball,"Compatible alias, country, competition, and provider history evidence; normalized_aliases=1;nonempty_countries=1;min_common_competitions=1;shared_fixture_links=105;shared_season_pairs=2;providers_with_history=3."
team,f1b88251-5cba-5963-9f4d-80f85f4bb731,openfootball,Notts County,SAME_ENTITY,HIGH,f1b88251-5cba-5963-9f4d-80f85f4bb731,db:product_team_aliases;db:match_provider_mappings;providers=api_football+football_data_uk+openfootball,"Compatible alias, country, competition, and provider history evidence; normalized_aliases=1;nonempty_countries=1;min_common_competitions=1;shared_fixture_links=105;shared_season_pairs=2;providers_with_history=3."
team,f52c7fc4-b9f0-54fd-8d46-9a9bd33b2c32,football_data_uk,Rio Ave,SAME_ENTITY,HIGH,f52c7fc4-b9f0-54fd-8d46-9a9bd33b2c32,db:product_team_aliases;db:match_provider_mappings;providers=football_data_uk+openfootball,"Compatible alias, country, competition, and provider history evidence; normalized_aliases=1;nonempty_countries=1;min_common_competitions=1;shared_fixture_links=86;shared_season_pairs=1;providers_with_history=2."
team,f52c7fc4-b9f0-54fd-8d46-9a9bd33b2c32,openfootball,Rio Ave FC,SAME_ENTITY,HIGH,f52c7fc4-b9f0-54fd-8d46-9a9bd33b2c32,db:product_team_aliases;db:match_provider_mappings;providers=football_data_uk+openfootball,"Compatible alias, country, competition, and provider history evidence; normalized_aliases=1;nonempty_countries=1;min_common_competitions=1;shared_fixture_links=86;shared_season_pairs=1;providers_with_history=2."
team,f6295192-e1a4-56a4-aff4-633560251063,api_football,1828,SAME_ENTITY,HIGH,f6295192-e1a4-56a4-aff4-633560251063,db:product_team_aliases;db:match_provider_mappings;providers=api_football+football_data_uk,"Compatible alias, country, competition, and provider history evidence; normalized_aliases=1;nonempty_countries=1;min_common_competitions=1;shared_fixture_links=0;shared_season_pairs=1;providers_with_history=2."
team,f6295192-e1a4-56a4-aff4-633560251063,football_data_uk,York,SAME_ENTITY,HIGH,f6295192-e1a4-56a4-aff4-633560251063,db:product_team_aliases;db:match_provider_mappings;providers=api_football+football_data_uk,"Compatible alias, country, competition, and provider history evidence; normalized_aliases=1;nonempty_countries=1;min_common_competitions=1;shared_fixture_links=0;shared_season_pairs=1;providers_with_history=2."
team,f676d36c-3f99-57ee-8888-da418ef1490e,football_data_uk,Alanyaspor,SAME_ENTITY,HIGH,f676d36c-3f99-57ee-8888-da418ef1490e,db:product_team_aliases;db:match_provider_mappings;providers=football_data_uk+openfootball,"Compatible alias, country, competition, and provider history evidence; normalized_aliases=1;nonempty_countries=1;min_common_competitions=1;shared_fixture_links=68;shared_season_pairs=1;providers_with_history=2."
team,f676d36c-3f99-57ee-8888-da418ef1490e,openfootball,Alanyaspor,SAME_ENTITY,HIGH,f676d36c-3f99-57ee-8888-da418ef1490e,db:product_team_aliases;db:match_provider_mappings;providers=football_data_uk+openfootball,"Compatible alias, country, competition, and provider history evidence; normalized_aliases=1;nonempty_countries=1;min_common_competitions=1;shared_fixture_links=68;shared_season_pairs=1;providers_with_history=2."
team,f829fc94-85b8-53d6-b80c-1950699c4fa5,football_data_uk,Atalanta,SAME_ENTITY,HIGH,f829fc94-85b8-53d6-b80c-1950699c4fa5,db:product_team_aliases;db:match_provider_mappings;providers=football_data_uk+openfootball,"Compatible alias, country, competition, and provider history evidence; normalized_aliases=1;nonempty_countries=1;min_common_competitions=1;shared_fixture_links=72;shared_season_pairs=1;providers_with_history=2."
team,f829fc94-85b8-53d6-b80c-1950699c4fa5,openfootball,Atalanta,SAME_ENTITY,HIGH,f829fc94-85b8-53d6-b80c-1950699c4fa5,db:product_team_aliases;db:match_provider_mappings;providers=football_data_uk+openfootball,"Compatible alias, country, competition, and provider history evidence; normalized_aliases=1;nonempty_countries=1;min_common_competitions=1;shared_fixture_links=72;shared_season_pairs=1;providers_with_history=2."
team,f92eec03-c5b6-55ed-9c82-56c08c55834d,football_data_org,61,SAME_ENTITY,HIGH,f92eec03-c5b6-55ed-9c82-56c08c55834d,db:product_team_aliases;db:match_provider_mappings;providers=football_data_org+football_data_uk+openfootball,"Compatible alias, country, competition, and provider history evidence; normalized_aliases=1;nonempty_countries=1;min_common_competitions=1;shared_fixture_links=253;shared_season_pairs=3;providers_with_history=3."
team,f92eec03-c5b6-55ed-9c82-56c08c55834d,football_data_uk,Chelsea,SAME_ENTITY,HIGH,f92eec03-c5b6-55ed-9c82-56c08c55834d,db:product_team_aliases;db:match_provider_mappings;providers=football_data_org+football_data_uk+openfootball,"Compatible alias, country, competition, and provider history evidence; normalized_aliases=1;nonempty_countries=1;min_common_competitions=1;shared_fixture_links=253;shared_season_pairs=3;providers_with_history=3."
team,f92eec03-c5b6-55ed-9c82-56c08c55834d,openfootball,Chelsea FC,SAME_ENTITY,HIGH,f92eec03-c5b6-55ed-9c82-56c08c55834d,db:product_team_aliases;db:match_provider_mappings;providers=football_data_org+football_data_uk+openfootball,"Compatible alias, country, competition, and provider history evidence; normalized_aliases=1;nonempty_countries=1;min_common_competitions=1;shared_fixture_links=253;shared_season_pairs=3;providers_with_history=3."
team,f95d8005-d986-5823-876f-a820f52b9c2f,football_data_uk,Yeni Malatyaspor,SAME_ENTITY,HIGH,f95d8005-d986-5823-876f-a820f52b9c2f,db:product_team_aliases;db:match_provider_mappings;providers=football_data_uk+openfootball,"Compatible alias, country, competition, and provider history evidence; normalized_aliases=1;nonempty_countries=1;min_common_competitions=1;shared_fixture_links=50;shared_season_pairs=1;providers_with_history=2."
team,f95d8005-d986-5823-876f-a820f52b9c2f,openfootball,Yeni Malatyaspor,SAME_ENTITY,HIGH,f95d8005-d986-5823-876f-a820f52b9c2f,db:product_team_aliases;db:match_provider_mappings;providers=football_data_uk+openfootball,"Compatible alias, country, competition, and provider history evidence; normalized_aliases=1;nonempty_countries=1;min_common_competitions=1;shared_fixture_links=50;shared_season_pairs=1;providers_with_history=2."
team,fa06eb2a-6acc-54a1-9725-1c2c5a81b1f4,football_data_uk,Almere City,SAME_ENTITY,HIGH,fa06eb2a-6acc-54a1-9725-1c2c5a81b1f4,db:product_team_aliases;db:match_provider_mappings;providers=football_data_uk+openfootball,"Compatible alias, country, competition, and provider history evidence; normalized_aliases=1;nonempty_countries=1;min_common_competitions=1;shared_fixture_links=26;shared_season_pairs=1;providers_with_history=2."
team,fa06eb2a-6acc-54a1-9725-1c2c5a81b1f4,openfootball,Almere City FC,SAME_ENTITY,HIGH,fa06eb2a-6acc-54a1-9725-1c2c5a81b1f4,db:product_team_aliases;db:match_provider_mappings;providers=football_data_uk+openfootball,"Compatible alias, country, competition, and provider history evidence; normalized_aliases=1;nonempty_countries=1;min_common_competitions=1;shared_fixture_links=26;shared_season_pairs=1;providers_with_history=2."
team,fb48806e-e433-5692-974b-237174d36e37,football_data_uk,Twente,SAME_ENTITY,HIGH,fb48806e-e433-5692-974b-237174d36e37,db:product_team_aliases;db:match_provider_mappings;providers=football_data_uk+openfootball,"Compatible alias, country, competition, and provider history evidence; normalized_aliases=1;nonempty_countries=1;min_common_competitions=1;shared_fixture_links=94;shared_season_pairs=1;providers_with_history=2."
team,fb48806e-e433-5692-974b-237174d36e37,openfootball,FC Twente,SAME_ENTITY,HIGH,fb48806e-e433-5692-974b-237174d36e37,db:product_team_aliases;db:match_provider_mappings;providers=football_data_uk+openfootball,"Compatible alias, country, competition, and provider history evidence; normalized_aliases=1;nonempty_countries=1;min_common_competitions=1;shared_fixture_links=94;shared_season_pairs=1;providers_with_history=2."
team,fb615d27-df32-5560-8e98-f3d5029c860c,football_data_uk,Modena,SAME_ENTITY,HIGH,fb615d27-df32-5560-8e98-f3d5029c860c,db:product_team_aliases;db:match_provider_mappings;providers=football_data_uk+openfootball,"Compatible alias, country, competition, and provider history evidence; normalized_aliases=1;nonempty_countries=1;min_common_competitions=1;shared_fixture_links=47;shared_season_pairs=1;providers_with_history=2."
team,fb615d27-df32-5560-8e98-f3d5029c860c,openfootball,Modena FC,SAME_ENTITY,HIGH,fb615d27-df32-5560-8e98-f3d5029c860c,db:product_team_aliases;db:match_provider_mappings;providers=football_data_uk+openfootball,"Compatible alias, country, competition, and provider history evidence; normalized_aliases=1;nonempty_countries=1;min_common_competitions=1;shared_fixture_links=47;shared_season_pairs=1;providers_with_history=2."
team,fda7b35b-7b97-5ff4-9ed1-75c18da59267,api_football,53,SAME_ENTITY,HIGH,fda7b35b-7b97-5ff4-9ed1-75c18da59267,db:product_team_aliases;db:match_provider_mappings;providers=api_football+football_data_uk+openfootball,"Compatible alias, country, competition, and provider history evidence; normalized_aliases=1;nonempty_countries=1;min_common_competitions=1;shared_fixture_links=158;shared_season_pairs=2;providers_with_history=3."
team,fda7b35b-7b97-5ff4-9ed1-75c18da59267,football_data_uk,Reading,SAME_ENTITY,HIGH,fda7b35b-7b97-5ff4-9ed1-75c18da59267,db:product_team_aliases;db:match_provider_mappings;providers=api_football+football_data_uk+openfootball,"Compatible alias, country, competition, and provider history evidence; normalized_aliases=1;nonempty_countries=1;min_common_competitions=1;shared_fixture_links=158;shared_season_pairs=2;providers_with_history=3."
team,fda7b35b-7b97-5ff4-9ed1-75c18da59267,openfootball,Reading FC,SAME_ENTITY,HIGH,fda7b35b-7b97-5ff4-9ed1-75c18da59267,db:product_team_aliases;db:match_provider_mappings;providers=api_football+football_data_uk+openfootball,"Compatible alias, country, competition, and provider history evidence; normalized_aliases=1;nonempty_countries=1;min_common_competitions=1;shared_fixture_links=158;shared_season_pairs=2;providers_with_history=3."
team,fe357f9e-e0fc-50bb-8e50-89a492f686af,api_football,1359,SAME_ENTITY,HIGH,fe357f9e-e0fc-50bb-8e50-89a492f686af,db:product_team_aliases;db:match_provider_mappings;providers=api_football+football_data_uk,"Compatible alias, country, competition, and provider history evidence; normalized_aliases=1;nonempty_countries=1;min_common_competitions=1;shared_fixture_links=0;shared_season_pairs=1;providers_with_history=2."
team,fe357f9e-e0fc-50bb-8e50-89a492f686af,football_data_uk,Luton,SAME_ENTITY,HIGH,fe357f9e-e0fc-50bb-8e50-89a492f686af,db:product_team_aliases;db:match_provider_mappings;providers=api_football+football_data_uk,"Compatible alias, country, competition, and provider history evidence; normalized_aliases=1;nonempty_countries=1;min_common_competitions=1;shared_fixture_links=0;shared_season_pairs=1;providers_with_history=2."
team,ff0a7aab-87e3-5306-87ad-285ff01ebff6,football_data_uk,Portimonense,SAME_ENTITY,HIGH,ff0a7aab-87e3-5306-87ad-285ff01ebff6,db:product_team_aliases;db:match_provider_mappings;providers=football_data_uk+openfootball,"Compatible alias, country, competition, and provider history evidence; normalized_aliases=1;nonempty_countries=1;min_common_competitions=1;shared_fixture_links=70;shared_season_pairs=1;providers_with_history=2."
team,ff0a7aab-87e3-5306-87ad-285ff01ebff6,openfootball,Portimonense SC,SAME_ENTITY,HIGH,ff0a7aab-87e3-5306-87ad-285ff01ebff6,db:product_team_aliases;db:match_provider_mappings;providers=football_data_uk+openfootball,"Compatible alias, country, competition, and provider history evidence; normalized_aliases=1;nonempty_countries=1;min_common_competitions=1;shared_fixture_links=70;shared_season_pairs=1;providers_with_history=2."
